{"v":"4.8.0","meta":{"g":"LottieFiles AE ","a":"","k":"","d":"","tc":""},"fr":25,"ip":0,"op":125,"w":800,"h":800,"nm":"| Halloween | Skull","ddd":0,"assets":[],"layers":[{"ddd":0,"ind":1,"ty":4,"nm":"Spider_EyeR","parent":3,"sr":1,"ks":{"o":{"a":0,"k":100,"ix":11},"r":{"a":0,"k":0,"ix":10},"p":{"a":0,"k":[172.388,115.486,0],"ix":2},"a":{"a":0,"k":[33.046,44.508,0],"ix":1},"s":{"a":0,"k":[100,100,100],"ix":6}},"ao":0,"shapes":[{"ty":"gr","it":[{"ind":0,"ty":"sh","ix":1,"ks":{"a":0,"k":{"i":[[32.598,6.36],[-4.042,-17.184],[-16.696,17.492]],"o":[[-25.799,-5.034],[4.642,19.738],[16.697,-17.491]],"v":[[0.198,-39.225],[-28.754,3.85],[8.148,26.767]],"c":true},"ix":2},"nm":"Path 1","mn":"ADBE Vector Shape - Group","hd":false},{"ty":"fl","c":{"a":0,"k":[1,1,1,1],"ix":4},"o":{"a":0,"k":100,"ix":5},"r":1,"bm":0,"nm":"Fill 1","mn":"ADBE Vector Graphic - Fill","hd":false},{"ty":"tr","p":{"a":0,"k":[33.046,44.508],"ix":2},"a":{"a":0,"k":[0,0],"ix":1},"s":{"a":0,"k":[100,100],"ix":3},"r":{"a":0,"k":0,"ix":6},"o":{"a":0,"k":100,"ix":7},"sk":{"a":0,"k":0,"ix":4},"sa":{"a":0,"k":0,"ix":5},"nm":"Transform"}],"nm":"Group 1","np":2,"cix":2,"bm":0,"ix":1,"mn":"ADBE Vector Group","hd":false}],"ip":0,"op":125,"st":0,"bm":0},{"ddd":0,"ind":2,"ty":4,"nm":"Spider_EyeL","parent":3,"sr":1,"ks":{"o":{"a":0,"k":100,"ix":11},"r":{"a":0,"k":0,"ix":10},"p":{"a":0,"k":[87.959,115.486,0],"ix":2},"a":{"a":0,"k":[33.046,44.508,0],"ix":1},"s":{"a":0,"k":[100,100,100],"ix":6}},"ao":0,"shapes":[{"ty":"gr","it":[{"ind":0,"ty":"sh","ix":1,"ks":{"a":0,"k":{"i":[[-32.598,6.36],[4.042,-17.184],[16.697,17.492]],"o":[[25.799,-5.034],[-4.642,19.738],[-16.696,-17.491]],"v":[[-0.198,-39.225],[28.754,3.85],[-8.149,26.767]],"c":true},"ix":2},"nm":"Path 1","mn":"ADBE Vector Shape - Group","hd":false},{"ty":"fl","c":{"a":0,"k":[1,1,1,1],"ix":4},"o":{"a":0,"k":100,"ix":5},"r":1,"bm":0,"nm":"Fill 1","mn":"ADBE Vector Graphic - Fill","hd":false},{"ty":"tr","p":{"a":0,"k":[33.046,44.508],"ix":2},"a":{"a":0,"k":[0,0],"ix":1},"s":{"a":0,"k":[100,100],"ix":3},"r":{"a":0,"k":0,"ix":6},"o":{"a":0,"k":100,"ix":7},"sk":{"a":0,"k":0,"ix":4},"sa":{"a":0,"k":0,"ix":5},"nm":"Transform"}],"nm":"Group 1","np":2,"cix":2,"bm":0,"ix":1,"mn":"ADBE Vector Group","hd":false}],"ip":0,"op":125,"st":0,"bm":0},{"ddd":0,"ind":3,"ty":4,"nm":"Spider_Head","parent":4,"sr":1,"ks":{"o":{"a":0,"k":100,"ix":11},"r":{"a":1,"k":[{"i":{"x":[0.667],"y":[1]},"o":{"x":[0.333],"y":[0]},"t":4,"s":[0]},{"i":{"x":[0.833],"y":[0.833]},"o":{"x":[0.167],"y":[0.167]},"t":13,"s":[-22]},{"i":{"x":[0.667],"y":[1]},"o":{"x":[0.333],"y":[0]},"t":20,"s":[-22]},{"t":27,"s":[0]}],"ix":10},"p":{"a":0,"k":[144.976,315.013,0],"ix":2},"a":{"a":0,"k":[119.123,122.981,0],"ix":1},"s":{"a":0,"k":[100,100,100],"ix":6}},"ao":0,"shapes":[{"ty":"gr","it":[{"ind":0,"ty":"sh","ix":1,"ks":{"a":0,"k":{"i":[[-14.859,17.199],[-24.146,77.902],[-46.434,-4.046],[5.572,-58.68],[14.86,-3.035],[16.353,-5.046],[0,0],[18.574,4.814],[3.714,16.188],[21.359,9.105]],"o":[[-16.135,-6.47],[24.146,-77.903],[46.435,4.047],[-5.573,58.68],[12.073,18.211],[-19.515,6.021],[-5.572,20.234],[-18.574,-4.816],[-8.359,13.153],[-21.36,-9.106]],"v":[[-52.627,74.785],[-94.726,-44.828],[38.077,-114.638],[113.301,15.875],[62.572,79.748],[45.816,113.626],[22.726,89.837],[0.181,116.51],[-11.986,90.557],[-43.361,113.626]],"c":true},"ix":2},"nm":"Path 1","mn":"ADBE Vector Shape - Group","hd":false},{"ty":"fl","c":{"a":0,"k":[0.136000001197,0.120999998205,0.123999995811,1],"ix":4},"o":{"a":0,"k":100,"ix":5},"r":1,"bm":0,"nm":"Fill 1","mn":"ADBE Vector Graphic - Fill","hd":false},{"ty":"tr","p":{"a":0,"k":[119.122,122.981],"ix":2},"a":{"a":0,"k":[0,0],"ix":1},"s":{"a":0,"k":[100,100],"ix":3},"r":{"a":0,"k":0,"ix":6},"o":{"a":0,"k":100,"ix":7},"sk":{"a":0,"k":0,"ix":4},"sa":{"a":0,"k":0,"ix":5},"nm":"Transform"}],"nm":"Group 1","np":2,"cix":2,"bm":0,"ix":1,"mn":"ADBE Vector Group","hd":false}],"ip":0,"op":125,"st":0,"bm":0},{"ddd":0,"ind":4,"ty":4,"nm":"Spider_Body","parent":11,"sr":1,"ks":{"o":{"a":0,"k":100,"ix":11},"r":{"a":1,"k":[{"i":{"x":[0.667],"y":[1]},"o":{"x":[0.333],"y":[0]},"t":0,"s":[18]},{"i":{"x":[0.667],"y":[1]},"o":{"x":[0.333],"y":[0]},"t":10,"s":[-30]},{"i":{"x":[0.667],"y":[1]},"o":{"x":[0.333],"y":[0]},"t":18,"s":[-30]},{"i":{"x":[0.667],"y":[1]},"o":{"x":[0.333],"y":[0]},"t":24,"s":[7]},{"i":{"x":[0.667],"y":[1]},"o":{"x":[0.333],"y":[0]},"t":29,"s":[0]},{"i":{"x":[0.667],"y":[1]},"o":{"x":[0.333],"y":[0]},"t":108,"s":[0]},{"i":{"x":[0.667],"y":[1]},"o":{"x":[0.333],"y":[0]},"t":116,"s":[-10]},{"t":124,"s":[18]}],"ix":10},"p":{"a":0,"k":[-145.891,-205.251,0],"ix":2},"a":{"a":0,"k":[155.727,4.652,0],"ix":1},"s":{"a":1,"k":[{"i":{"x":[0.667,0.667,0.667],"y":[1,1,1]},"o":{"x":[0.333,0.333,0.333],"y":[0,0,0]},"t":27,"s":[19,19,100]},{"i":{"x":[0.667,0.667,0.667],"y":[1,1,1]},"o":{"x":[0.333,0.333,0.333],"y":[0,0,0]},"t":30,"s":[19,23,100]},{"i":{"x":[0.833,0.833,0.833],"y":[1,1,1]},"o":{"x":[0.167,0.167,0.167],"y":[0,0,0]},"t":33,"s":[19,15,100]},{"i":{"x":[0.833,0.833,0.833],"y":[1,1,1]},"o":{"x":[0.167,0.167,0.167],"y":[0,0,0]},"t":107,"s":[19,22,100]},{"i":{"x":[0.833,0.833,0.833],"y":[1,1,1]},"o":{"x":[0.167,0.167,0.167],"y":[0,0,0]},"t":112,"s":[19,17,100]},{"t":117,"s":[19,19,100]}],"ix":6}},"ao":0,"shapes":[{"ty":"gr","it":[{"ind":0,"ty":"sh","ix":1,"ks":{"a":0,"k":{"i":[[128.212,6.582],[0,-85.873],[-85.865,0],[0,85.865]],"o":[[-85.751,-4.402],[0,85.865],[85.87,0],[0,-42.503]],"v":[[-0.002,-153.275],[-155.48,2.206],[-0.002,157.676],[155.48,2.206]],"c":true},"ix":2},"nm":"Path 1","mn":"ADBE Vector Shape - Group","hd":false},{"ty":"fl","c":{"a":0,"k":[0.2,0.176000004189,0.18300000359,1],"ix":4},"o":{"a":0,"k":100,"ix":5},"r":1,"bm":0,"nm":"Fill 1","mn":"ADBE Vector Graphic - Fill","hd":false},{"ty":"tr","p":{"a":0,"k":[155.729,157.926],"ix":2},"a":{"a":0,"k":[0,0],"ix":1},"s":{"a":0,"k":[100,100],"ix":3},"r":{"a":0,"k":0,"ix":6},"o":{"a":0,"k":100,"ix":7},"sk":{"a":0,"k":0,"ix":4},"sa":{"a":0,"k":0,"ix":5},"nm":"Transform"}],"nm":"Group 1","np":2,"cix":2,"bm":0,"ix":1,"mn":"ADBE Vector Group","hd":false}],"ip":0,"op":125,"st":0,"bm":0},{"ddd":0,"ind":5,"ty":4,"nm":"Spider_LegL1","parent":4,"sr":1,"ks":{"o":{"a":0,"k":100,"ix":11},"r":{"a":1,"k":[{"i":{"x":[0.667],"y":[1]},"o":{"x":[0.333],"y":[0]},"t":10,"s":[0]},{"i":{"x":[0.667],"y":[1]},"o":{"x":[0.333],"y":[0]},"t":13,"s":[14]},{"i":{"x":[0.667],"y":[1]},"o":{"x":[0.333],"y":[0]},"t":16,"s":[0]},{"i":{"x":[0.667],"y":[1]},"o":{"x":[0.333],"y":[0]},"t":19,"s":[14]},{"t":22,"s":[0]}],"ix":10},"p":{"a":0,"k":[29.294,237.737,0],"ix":2},"a":{"a":0,"k":[116.371,15.312,0],"ix":1},"s":{"a":0,"k":[100,100,100],"ix":6}},"ao":0,"shapes":[{"ty":"gr","it":[{"ind":0,"ty":"sh","ix":1,"ks":{"a":0,"k":{"i":[[5.164,0.002],[16.014,0.235],[16.789,0.842],[9.187,0.766],[0.816,-0.109],[0.889,-0.814],[0.844,-2.009],[3.696,-8.795],[5.848,-13.917],[1.341,-3.194],[-1.06,-1.812],[-2.195,-0.5],[-2.093,1.35],[-0.622,0.48],[-0.438,1.56],[-3.695,8.794],[-5.848,13.917],[-1.341,3.193],[0,0],[-16.58,-0.523],[-16.651,-0.1],[-8.804,-0.003],[0.223,4.973]],"o":[[-16.016,-0.005],[-16.808,-0.248],[-9.208,-0.463],[-0.817,0.11],[-1.198,0.286],[-1.722,1.33],[-3.695,8.796],[-5.847,13.917],[-1.341,3.192],[-0.858,2.04],[1.118,1.91],[2.358,0.537],[0.621,-0.479],[1.141,-1.149],[3.695,-8.796],[5.848,-13.917],[1.341,-3.193],[0,0],[16.532,1.378],[16.644,0.527],[8.804,0.052],[4.818,0.002],[-0.223,-4.992]],"v":[[79.505,-44.536],[31.458,-44.823],[-18.948,-46.357],[-46.544,-48.172],[-48.994,-47.842],[-52.125,-46.193],[-55.427,-41.409],[-66.513,-15.023],[-84.055,26.727],[-88.079,36.305],[-87.151,43.403],[-81.648,47.635],[-74.549,46.706],[-72.685,45.266],[-70.317,41.201],[-59.231,14.817],[-41.688,-26.933],[-37.664,-36.513],[-46.544,-29.75],[3.146,-27.044],[53.092,-26.185],[79.505,-26.115],[88.714,-35.324]],"c":true},"ix":2},"nm":"Path 1","mn":"ADBE Vector Shape - Group","hd":false},{"ty":"fl","c":{"a":0,"k":[0.136000001197,0.120999998205,0.123999995811,1],"ix":4},"o":{"a":0,"k":100,"ix":5},"r":1,"bm":0,"nm":"Fill 1","mn":"ADBE Vector Graphic - Fill","hd":false},{"ty":"tr","p":{"a":0,"k":[89.187,48.422],"ix":2},"a":{"a":0,"k":[0,0],"ix":1},"s":{"a":0,"k":[100,100],"ix":3},"r":{"a":0,"k":0,"ix":6},"o":{"a":0,"k":100,"ix":7},"sk":{"a":0,"k":0,"ix":4},"sa":{"a":0,"k":0,"ix":5},"nm":"Transform"}],"nm":"Group 1","np":2,"cix":2,"bm":0,"ix":1,"mn":"ADBE Vector Group","hd":false}],"ip":0,"op":125,"st":0,"bm":0},{"ddd":0,"ind":6,"ty":4,"nm":"Spider_LegL2","parent":4,"sr":1,"ks":{"o":{"a":0,"k":100,"ix":11},"r":{"a":1,"k":[{"i":{"x":[0.667],"y":[1]},"o":{"x":[0.333],"y":[0]},"t":12,"s":[0]},{"i":{"x":[0.667],"y":[1]},"o":{"x":[0.333],"y":[0]},"t":15,"s":[14]},{"i":{"x":[0.667],"y":[1]},"o":{"x":[0.333],"y":[0]},"t":18,"s":[0]},{"i":{"x":[0.667],"y":[1]},"o":{"x":[0.333],"y":[0]},"t":21,"s":[14]},{"t":24,"s":[0]}],"ix":10},"p":{"a":0,"k":[11.947,158.934,0],"ix":2},"a":{"a":0,"k":[177.52,40.358,0],"ix":1},"s":{"a":0,"k":[100,100,100],"ix":6}},"ao":0,"shapes":[{"ty":"gr","it":[{"ind":0,"ty":"sh","ix":1,"ks":{"a":0,"k":{"i":[[4.996,1.271],[15.424,4.16],[16.1,4.961],[8.725,3.007],[1.799,-0.759],[1.302,-1.724],[5.748,-7.615],[9.094,-12.049],[2.087,-2.764],[-0.562,-2.041],[-1.992,-1.052],[-2.37,0.768],[-0.734,0.309],[-0.819,1.384],[-5.747,7.615],[-9.093,12.049],[-2.086,2.765],[3.467,-1.411],[-15.9,-4.58],[-16.149,-4.206],[-8.542,-2.172],[-2.103,1.231],[-0.5,2.196]],"o":[[-15.482,-3.938],[-16.264,-4.386],[-8.819,-2.717],[-1.92,-0.662],[-1.985,0.838],[-5.747,7.615],[-9.093,12.049],[-2.086,2.765],[-1.343,1.779],[0.588,2.136],[2.138,1.129],[0.733,-0.309],[1.384,-0.819],[5.748,-7.615],[9.094,-12.05],[2.087,-2.764],[-3.467,1.411],[15.645,5.393],[16.037,4.619],[8.529,2.221],[2.344,0.596],[1.911,-1.118],[1.09,-4.788]],"v":[[88.218,-8.019],[41.839,-20.095],[-6.74,-34.017],[-33.067,-42.579],[-39.064,-42.114],[-43.469,-38.345],[-60.711,-15.499],[-87.992,20.649],[-94.251,28.942],[-95.179,36.04],[-90.947,41.545],[-83.849,42.473],[-81.649,41.545],[-78.345,38.241],[-61.103,15.395],[-33.822,-20.754],[-27.563,-29.048],[-37.964,-24.816],[9.409,-9.991],[57.711,3.168],[83.321,9.744],[90.418,8.816],[94.651,3.311]],"c":true},"ix":2},"nm":"Path 1","mn":"ADBE Vector Shape - Group","hd":false},{"ty":"fl","c":{"a":0,"k":[0.136000001197,0.120999998205,0.123999995811,1],"ix":4},"o":{"a":0,"k":100,"ix":5},"r":1,"bm":0,"nm":"Fill 1","mn":"ADBE Vector Graphic - Fill","hd":false},{"ty":"tr","p":{"a":0,"k":[95.991,43.491],"ix":2},"a":{"a":0,"k":[0,0],"ix":1},"s":{"a":0,"k":[100,100],"ix":3},"r":{"a":0,"k":0,"ix":6},"o":{"a":0,"k":100,"ix":7},"sk":{"a":0,"k":0,"ix":4},"sa":{"a":0,"k":0,"ix":5},"nm":"Transform"}],"nm":"Group 1","np":2,"cix":2,"bm":0,"ix":1,"mn":"ADBE Vector Group","hd":false}],"ip":0,"op":125,"st":0,"bm":0},{"ddd":0,"ind":7,"ty":4,"nm":"Spider_LegL3","parent":4,"sr":1,"ks":{"o":{"a":0,"k":100,"ix":11},"r":{"a":1,"k":[{"i":{"x":[0.667],"y":[1]},"o":{"x":[0.333],"y":[0]},"t":14,"s":[0]},{"i":{"x":[0.667],"y":[1]},"o":{"x":[0.333],"y":[0]},"t":17,"s":[14]},{"i":{"x":[0.667],"y":[1]},"o":{"x":[0.333],"y":[0]},"t":20,"s":[0]},{"i":{"x":[0.667],"y":[1]},"o":{"x":[0.333],"y":[0]},"t":23,"s":[14]},{"t":26,"s":[0]}],"ix":10},"p":{"a":0,"k":[58.433,66.654,0],"ix":2},"a":{"a":0,"k":[158.567,64.979,0],"ix":1},"s":{"a":0,"k":[100,100,100],"ix":6}},"ao":0,"shapes":[{"ty":"gr","it":[{"ind":0,"ty":"sh","ix":1,"ks":{"a":0,"k":{"i":[[4.268,2.891],[23.052,16.951],[6.458,4.986],[-0.621,-0.48],[4.108,3.31],[2.139,0.287],[1.704,-1.112],[7.991,-5.212],[12.644,-8.247],[2.902,-1.892],[0.646,-2.345],[-1.261,-1.957],[-4.317,2.815],[-7.991,5.211],[0,0],[-2.901,1.892],[3.72,0.48],[-13.993,-10.139],[-13.782,-9.453],[-7.317,-4.956],[-2.154,0.594],[-1.053,1.992]],"o":[[-23.687,-16.046],[-6.574,-4.833],[0.621,0.48],[-4.174,-3.227],[-1.635,-1.317],[-1.955,-0.263],[-7.991,5.212],[-12.644,8.246],[-2.901,1.892],[-2.001,1.305],[-0.607,2.205],[2.596,4.025],[7.992,-5.212],[0,0],[2.9,-1.892],[-3.721,-0.48],[13.457,10.842],[13.535,9.805],[7.288,4.999],[1.901,1.288],[2.136,-0.588],[2.462,-4.66]],"v":[[90.662,28.804],[20.303,-20.355],[0.746,-35.075],[2.61,-33.635],[-9.817,-43.436],[-15.106,-45.969],[-20.98,-44.876],[-44.952,-29.24],[-82.885,-4.501],[-91.588,1.175],[-95.82,6.679],[-94.893,13.777],[-82.29,17.081],[-58.317,1.446],[-20.385,-23.294],[-11.682,-28.97],[-22.843,-30.41],[18.425,0.966],[59.449,29.788],[81.364,44.71],[88.462,45.638],[93.965,41.406]],"c":true},"ix":2},"nm":"Path 1","mn":"ADBE Vector Shape - Group","hd":false},{"ty":"fl","c":{"a":0,"k":[0.136000001197,0.120999998205,0.123999995811,1],"ix":4},"o":{"a":0,"k":100,"ix":5},"r":1,"bm":0,"nm":"Fill 1","mn":"ADBE Vector Graphic - Fill","hd":false},{"ty":"tr","p":{"a":0,"k":[96.677,46.482],"ix":2},"a":{"a":0,"k":[0,0],"ix":1},"s":{"a":0,"k":[100,100],"ix":3},"r":{"a":0,"k":0,"ix":6},"o":{"a":0,"k":100,"ix":7},"sk":{"a":0,"k":0,"ix":4},"sa":{"a":0,"k":0,"ix":5},"nm":"Transform"}],"nm":"Group 1","np":2,"cix":2,"bm":0,"ix":1,"mn":"ADBE Vector Group","hd":false}],"ip":0,"op":125,"st":0,"bm":0},{"ddd":0,"ind":8,"ty":4,"nm":"Spider_LegR1","parent":4,"sr":1,"ks":{"o":{"a":0,"k":100,"ix":11},"r":{"a":1,"k":[{"i":{"x":[0.667],"y":[1]},"o":{"x":[0.333],"y":[0]},"t":10,"s":[0]},{"i":{"x":[0.667],"y":[1]},"o":{"x":[0.333],"y":[0]},"t":13,"s":[20]},{"i":{"x":[0.667],"y":[1]},"o":{"x":[0.333],"y":[0]},"t":16,"s":[0]},{"i":{"x":[0.667],"y":[1]},"o":{"x":[0.333],"y":[0]},"t":19,"s":[20]},{"t":22,"s":[1]}],"ix":10},"p":{"a":0,"k":[270.353,236.615,0],"ix":2},"a":{"a":0,"k":[50.199,14.353,0],"ix":1},"s":{"a":0,"k":[100,100,100],"ix":6}},"ao":0,"shapes":[{"ty":"gr","it":[{"ind":0,"ty":"sh","ix":1,"ks":{"a":0,"k":{"i":[[-5.164,0.002],[-16.017,0.235],[-16.79,0.842],[-9.187,0.766],[2.96,2.253],[-3.696,-8.795],[-5.848,-13.916],[-1.342,-3.193],[-2.264,-1.325],[-2.214,0.716],[-1.126,2.129],[0.933,2.222],[3.695,8.795],[5.848,13.916],[1.341,3.193],[1.707,1.319],[1.966,-0.164],[16.579,-0.523],[16.653,-0.101],[8.806,-0.003],[-0.223,-4.976]],"o":[[16.019,-0.005],[16.808,-0.248],[9.206,-0.462],[-2.96,-2.254],[3.695,8.794],[5.847,13.916],[1.341,3.194],[0.975,2.319],[1.974,1.156],[2.229,-0.722],[1.07,-2.028],[-3.695,-8.795],[-5.848,-13.916],[-1.342,-3.193],[-0.808,-1.922],[-1.508,-1.164],[-16.532,1.378],[-16.644,0.527],[-8.806,0.053],[-4.818,0.001],[0.224,4.988]],"v":[[-79.544,-26.122],[-31.491,-26.41],[18.917,-27.943],[46.511,-29.758],[37.629,-36.519],[48.715,-10.134],[66.259,31.615],[70.283,41.194],[74.516,46.698],[81.613,47.627],[87.118,43.395],[88.046,36.297],[76.96,9.911],[59.417,-31.838],[55.392,-41.417],[52.092,-46.201],[46.511,-48.179],[-3.176,-45.472],[-53.127,-44.613],[-79.544,-44.543],[-88.756,-35.332]],"c":true},"ix":2},"nm":"Path 1","mn":"ADBE Vector Shape - Group","hd":false},{"ty":"fl","c":{"a":0,"k":[0.136000001197,0.120999998205,0.123999995811,1],"ix":4},"o":{"a":0,"k":100,"ix":5},"r":1,"bm":0,"nm":"Fill 1","mn":"ADBE Vector Graphic - Fill","hd":false},{"ty":"tr","p":{"a":0,"k":[89.228,48.593],"ix":2},"a":{"a":0,"k":[0,0],"ix":1},"s":{"a":0,"k":[100,100],"ix":3},"r":{"a":0,"k":0,"ix":6},"o":{"a":0,"k":100,"ix":7},"sk":{"a":0,"k":0,"ix":4},"sa":{"a":0,"k":0,"ix":5},"nm":"Transform"}],"nm":"Group 1","np":2,"cix":2,"bm":0,"ix":1,"mn":"ADBE Vector Group","hd":false}],"ip":0,"op":125,"st":0,"bm":0},{"ddd":0,"ind":9,"ty":4,"nm":"Spider_LegR2","parent":4,"sr":1,"ks":{"o":{"a":0,"k":100,"ix":11},"r":{"a":1,"k":[{"i":{"x":[0.667],"y":[1]},"o":{"x":[0.333],"y":[0]},"t":12,"s":[0]},{"i":{"x":[0.667],"y":[1]},"o":{"x":[0.333],"y":[0]},"t":15,"s":[20]},{"i":{"x":[0.667],"y":[1]},"o":{"x":[0.333],"y":[0]},"t":18,"s":[0]},{"i":{"x":[0.667],"y":[1]},"o":{"x":[0.333],"y":[0]},"t":21,"s":[20]},{"t":24,"s":[1]}],"ix":10},"p":{"a":0,"k":[301.297,163.429,0],"ix":2},"a":{"a":0,"k":[16.672,44.849,0],"ix":1},"s":{"a":0,"k":[100,100,100],"ix":6}},"ao":0,"shapes":[{"ty":"gr","it":[{"ind":0,"ty":"sh","ix":1,"ks":{"a":0,"k":{"i":[[-5.005,1.272],[-15.425,4.16],[-16.099,4.961],[-8.725,3.007],[3.468,1.411],[-5.747,-7.615],[-9.094,-12.05],[-2.087,-2.765],[-2.505,-0.689],[-1.957,1.261],[-0.534,2.349],[1.458,1.932],[5.747,7.615],[9.094,12.05],[2.087,2.764],[1.969,0.831],[1.909,-0.658],[15.899,-4.58],[16.149,-4.205],[8.542,-2.172],[-1.511,-4.669]],"o":[[15.482,-3.937],[16.264,-4.386],[8.819,-2.717],[-3.468,-1.411],[5.748,7.616],[9.094,12.05],[2.086,2.764],[1.504,1.992],[2.205,0.607],[1.966,-1.268],[0.514,-2.251],[-5.748,-7.615],[-9.094,-12.05],[-2.086,-2.765],[-1.249,-1.656],[-1.803,-0.761],[-15.645,5.392],[-16.037,4.619],[-8.529,2.221],[-4.671,1.187],[1.561,4.826]],"v":[[-83.094,9.823],[-36.713,-2.253],[11.864,-16.176],[38.191,-24.737],[27.789,-28.97],[45.031,-6.124],[72.312,30.025],[78.571,38.319],[84.075,42.551],[91.173,41.623],[95.405,36.118],[94.477,29.021],[77.235,6.175],[49.954,-29.974],[43.695,-38.267],[39.291,-42.036],[33.294,-42.5],[-14.078,-27.676],[-62.38,-14.517],[-87.991,-7.94],[-94.424,3.39]],"c":true},"ix":2},"nm":"Path 1","mn":"ADBE Vector Shape - Group","hd":false},{"ty":"fl","c":{"a":0,"k":[0.136000001197,0.120999998205,0.123999995811,1],"ix":4},"o":{"a":0,"k":100,"ix":5},"r":1,"bm":0,"nm":"Fill 1","mn":"ADBE Vector Graphic - Fill","hd":false},{"ty":"tr","p":{"a":0,"k":[96.185,43.408],"ix":2},"a":{"a":0,"k":[0,0],"ix":1},"s":{"a":0,"k":[100,100],"ix":3},"r":{"a":0,"k":0,"ix":6},"o":{"a":0,"k":100,"ix":7},"sk":{"a":0,"k":0,"ix":4},"sa":{"a":0,"k":0,"ix":5},"nm":"Transform"}],"nm":"Group 1","np":2,"cix":2,"bm":0,"ix":1,"mn":"ADBE Vector Group","hd":false}],"ip":0,"op":125,"st":0,"bm":0},{"ddd":0,"ind":10,"ty":4,"nm":"Spider_LegR3","parent":4,"sr":1,"ks":{"o":{"a":0,"k":100,"ix":11},"r":{"a":1,"k":[{"i":{"x":[0.667],"y":[1]},"o":{"x":[0.333],"y":[0]},"t":14,"s":[0]},{"i":{"x":[0.667],"y":[1]},"o":{"x":[0.333],"y":[0]},"t":17,"s":[20]},{"i":{"x":[0.667],"y":[1]},"o":{"x":[0.333],"y":[0]},"t":20,"s":[0]},{"i":{"x":[0.667],"y":[1]},"o":{"x":[0.333],"y":[0]},"t":23,"s":[20]},{"t":26,"s":[1]}],"ix":10},"p":{"a":0,"k":[262.298,62.832,0],"ix":2},"a":{"a":0,"k":[43.134,61.157,0],"ix":1},"s":{"a":0,"k":[100,100,100],"ix":6}},"ao":0,"shapes":[{"ty":"gr","it":[{"ind":0,"ty":"sh","ix":1,"ks":{"a":0,"k":{"i":[[-4.266,2.891],[-13.176,9.209],[-13.473,10.151],[-7.696,6.204],[3.721,-0.48],[-7.992,-5.211],[-12.645,-8.247],[-2.901,-1.892],[-2.246,4.251],[4.317,2.815],[7.993,5.212],[12.646,8.246],[2.901,1.892],[1.957,-0.263],[1.699,-1.37],[4.173,-3.226],[0,0],[24.072,-16.472],[6.288,-4.261],[0.657,-2.386],[-1.261,-1.957]],"o":[[13.307,-9.018],[13.826,-9.663],[7.896,-5.949],[-3.719,0.481],[7.992,5.212],[12.646,8.247],[2.902,1.891],[4.045,2.637],[2.428,-4.595],[-7.992,-5.212],[-12.646,-8.246],[-2.901,-1.892],[-1.708,-1.114],[-2.155,0.289],[-4.108,3.31],[0,0],[-23.088,17.833],[-6.269,4.289],[-2.001,1.356],[-0.608,2.205],[2.556,3.964]],"v":[[-82.273,44.025],[-42.507,16.746],[-1.492,-12.893],[21.922,-31.096],[10.761,-29.655],[34.738,-14.02],[72.676,10.72],[81.38,16.396],[93.983,13.091],[90.678,0.49],[66.701,-15.146],[28.763,-39.885],[20.058,-45.561],[14.186,-46.654],[8.897,-44.121],[-3.528,-34.32],[-1.665,-35.76],[-72.731,15.3],[-91.572,28.12],[-95.804,33.623],[-94.876,40.721]],"c":true},"ix":2},"nm":"Path 1","mn":"ADBE Vector Shape - Group","hd":false},{"ty":"fl","c":{"a":0,"k":[0.136000001197,0.120999998205,0.123999995811,1],"ix":4},"o":{"a":0,"k":100,"ix":5},"r":1,"bm":0,"nm":"Fill 1","mn":"ADBE Vector Graphic - Fill","hd":false},{"ty":"tr","p":{"a":0,"k":[96.662,47.167],"ix":2},"a":{"a":0,"k":[0,0],"ix":1},"s":{"a":0,"k":[100,100],"ix":3},"r":{"a":0,"k":0,"ix":6},"o":{"a":0,"k":100,"ix":7},"sk":{"a":0,"k":0,"ix":4},"sa":{"a":0,"k":0,"ix":5},"nm":"Transform"}],"nm":"Group 1","np":2,"cix":2,"bm":0,"ix":1,"mn":"ADBE Vector Group","hd":false}],"ip":0,"op":125,"st":0,"bm":0},{"ddd":0,"ind":11,"ty":4,"nm":"Line","sr":1,"ks":{"o":{"a":0,"k":100,"ix":11},"r":{"a":1,"k":[{"i":{"x":[0.43],"y":[1]},"o":{"x":[0.333],"y":[0]},"t":0,"s":[10]},{"i":{"x":[0.833],"y":[0.833]},"o":{"x":[0.167],"y":[0.167]},"t":10,"s":[-20.006]},{"i":{"x":[0.429],"y":[1]},"o":{"x":[0.669],"y":[0]},"t":20,"s":[-20]},{"i":{"x":[0.833],"y":[0.833]},"o":{"x":[0.167],"y":[0.167]},"t":29,"s":[0]},{"i":{"x":[0.97],"y":[1]},"o":{"x":[0.842],"y":[0.001]},"t":108,"s":[0]},{"t":124,"s":[10]}],"ix":10},"p":{"a":1,"k":[{"i":{"x":0.667,"y":1},"o":{"x":0.333,"y":0},"t":27,"s":[226,-26.75,0],"to":[-2,118,0],"ti":[0,52,0]},{"i":{"x":0.833,"y":0.833},"o":{"x":0.167,"y":0.167},"t":33,"s":[226,-338.75,0],"to":[0,0,0],"ti":[0,0,0]},{"i":{"x":0,"y":1},"o":{"x":0.091,"y":0},"t":95,"s":[226,-338.75,0],"to":[0,52,0],"ti":[-2,-74,0]},{"t":112,"s":[226,-26.75,0]}],"ix":2},"a":{"a":0,"k":[-146,-432.75,0],"ix":1},"s":{"a":0,"k":[100,100,100],"ix":6}},"ao":0,"shapes":[{"ty":"gr","it":[{"ind":0,"ty":"sh","ix":1,"ks":{"a":1,"k":[{"i":{"x":0.667,"y":1},"o":{"x":0.333,"y":0},"t":0,"s":[{"i":[[-24.446,-107.336],[0,0]],"o":[[24.446,107.336],[0,0]],"v":[[-146,-436],[-146,-202]],"c":false}]},{"i":{"x":0.667,"y":1},"o":{"x":0.333,"y":0},"t":8,"s":[{"i":[[30.956,-116.193],[0,0]],"o":[[-32.256,121.074],[0,0]],"v":[[-146,-436],[-146,-202]],"c":false}]},{"i":{"x":0.667,"y":1},"o":{"x":0.333,"y":0},"t":17,"s":[{"i":[[17.646,-118.944],[0,0]],"o":[[-17.646,118.944],[0,0]],"v":[[-146,-436],[-146,-202]],"c":false}]},{"i":{"x":0.667,"y":1},"o":{"x":0.333,"y":0},"t":26,"s":[{"i":[[6.617,-44.604],[2.858,-61.741]],"o":[[6.858,74.259],[0,0]],"v":[[-146,-436],[-146,-202]],"c":false}]},{"i":{"x":0.667,"y":1},"o":{"x":0.333,"y":0},"t":35,"s":[{"i":[[0,0],[0,0]],"o":[[0,0],[0,0]],"v":[[-146,-436],[-146,-202]],"c":false}]},{"i":{"x":0.833,"y":0.833},"o":{"x":0.333,"y":0},"t":115,"s":[{"i":[[0,0],[0,0]],"o":[[0,0],[0,0]],"v":[[-146,-436],[-146,-202]],"c":false}]},{"i":{"x":0.667,"y":1},"o":{"x":0.167,"y":0.167},"t":120,"s":[{"i":[[4.409,-82.463],[-0.067,-34.681]],"o":[[-6.08,113.722],[0.067,34.681]],"v":[[-146,-436],[-146,-202]],"c":false}]},{"t":124,"s":[{"i":[[-16.65,-108.818],[0,0]],"o":[[17.088,111.68],[0,0]],"v":[[-146,-436],[-146,-202]],"c":false}]}],"ix":2},"nm":"Path 1","mn":"ADBE Vector Shape - Group","hd":false},{"ty":"st","c":{"a":0,"k":[0,0,0,1],"ix":3},"o":{"a":0,"k":100,"ix":4},"w":{"a":0,"k":3,"ix":5},"lc":1,"lj":1,"ml":4,"bm":0,"nm":"Stroke 1","mn":"ADBE Vector Graphic - Stroke","hd":false},{"ty":"tr","p":{"a":0,"k":[0,0],"ix":2},"a":{"a":0,"k":[0,0],"ix":1},"s":{"a":0,"k":[100,100],"ix":3},"r":{"a":0,"k":0,"ix":6},"o":{"a":0,"k":100,"ix":7},"sk":{"a":0,"k":0,"ix":4},"sa":{"a":0,"k":0,"ix":5},"nm":"Transform"}],"nm":"Shape 1","np":2,"cix":2,"bm":0,"ix":1,"mn":"ADBE Vector Group","hd":false}],"ip":0,"op":125,"st":0,"bm":0},{"ddd":0,"ind":12,"ty":1,"nm":"//Features","parent":16,"sr":1,"ks":{"o":{"a":0,"k":0,"ix":11},"r":{"a":0,"k":0,"ix":10},"p":{"a":1,"k":[{"i":{"x":0.355,"y":1},"o":{"x":0.733,"y":0},"t":41,"s":[160.703,159.288,0],"to":[4.5,0,0],"ti":[-4.5,0,0]},{"t":44,"s":[187.703,159.288,0],"h":1},{"i":{"x":0.453,"y":1},"o":{"x":0.646,"y":0},"t":53,"s":[187.703,159.288,0],"to":[-9.667,0,0],"ti":[9.667,0,0]},{"t":58,"s":[129.703,159.288,0],"h":1},{"i":{"x":0.667,"y":1},"o":{"x":0.333,"y":0},"t":68,"s":[129.703,159.288,0],"to":[9.167,0,0],"ti":[-5.167,0,0]},{"i":{"x":0.667,"y":1},"o":{"x":0.333,"y":0},"t":73,"s":[184.703,159.288,0],"to":[5.167,0,0],"ti":[4,0,0]},{"t":79,"s":[160.703,159.288,0]}],"ix":2},"a":{"a":0,"k":[50,50,0],"ix":1},"s":{"a":0,"k":[181.818,181.818,100],"ix":6}},"ao":0,"sw":100,"sh":100,"sc":"#ffffff","ip":0,"op":125,"st":0,"bm":0},{"ddd":0,"ind":13,"ty":4,"nm":"nose","parent":12,"sr":1,"ks":{"o":{"a":0,"k":100,"ix":11},"r":{"a":0,"k":0,"ix":10},"p":{"a":0,"k":[48.062,82.31,0],"ix":2},"a":{"a":0,"k":[13.843,14.199,0],"ix":1},"s":{"a":1,"k":[{"i":{"x":[0.667,0.667,0.667],"y":[1,1,1]},"o":{"x":[0.333,0.333,0.333],"y":[0,0,0]},"t":0,"s":[55,55,100]},{"i":{"x":[0.308,0.308,0.667],"y":[1,1,1]},"o":{"x":[0.641,0.641,0.333],"y":[0,0,0]},"t":22,"s":[115,115,100]},{"i":{"x":[0.667,0.667,0.667],"y":[1,1,1]},"o":{"x":[0.167,0.167,0.167],"y":[0,0,0]},"t":27,"s":[55,55,100]},{"i":{"x":[0.667,0.667,0.667],"y":[1,1,1]},"o":{"x":[0.333,0.333,0.333],"y":[0,0,0]},"t":102,"s":[55,55,100]},{"i":{"x":[0.667,0.667,0.667],"y":[1,1,1]},"o":{"x":[0.333,0.333,0.333],"y":[0,0,0]},"t":113,"s":[115,115,100]},{"i":{"x":[0.667,0.667,0.667],"y":[1,1,1]},"o":{"x":[0.333,0.333,0.333],"y":[0,0,0]},"t":124,"s":[55,55,100]},{"t":135,"s":[75,75,100]}],"ix":6}},"ao":0,"shapes":[{"ty":"gr","it":[{"ind":0,"ty":"sh","ix":1,"ks":{"a":0,"k":{"i":[[0,0],[0,0],[0,0]],"o":[[0,0],[0,0],[0,0]],"v":[[-13.593,13.949],[-0.626,-13.949],[13.593,13.949]],"c":false},"ix":2},"nm":"Path 1","mn":"ADBE Vector Shape - Group","hd":false},{"ty":"fl","c":{"a":0,"k":[0.188235294118,0,0.270588235294,1],"ix":4},"o":{"a":0,"k":100,"ix":5},"r":1,"bm":0,"nm":"Fill 1","mn":"ADBE Vector Graphic - Fill","hd":false},{"ty":"tr","p":{"a":0,"k":[13.843,14.199],"ix":2},"a":{"a":0,"k":[0,0],"ix":1},"s":{"a":0,"k":[100,100],"ix":3},"r":{"a":0,"k":0,"ix":6},"o":{"a":0,"k":100,"ix":7},"sk":{"a":0,"k":0,"ix":4},"sa":{"a":0,"k":0,"ix":5},"nm":"Transform"}],"nm":"Group 1","np":2,"cix":2,"bm":0,"ix":1,"mn":"ADBE Vector Group","hd":false}],"ip":0,"op":375,"st":0,"bm":0},{"ddd":0,"ind":14,"ty":4,"nm":"Eye_R","parent":12,"sr":1,"ks":{"o":{"a":0,"k":100,"ix":11},"r":{"a":0,"k":0,"ix":10},"p":{"a":0,"k":[87.245,53.076,0],"ix":2},"a":{"a":0,"k":[52.504,70.768,0],"ix":1},"s":{"a":1,"k":[{"i":{"x":[0.833,0.833,0.833],"y":[0.833,0.833,0.833]},"o":{"x":[0.167,0.167,0.167],"y":[0.167,0.167,0.167]},"t":33,"s":[55,55,100]},{"i":{"x":[0.833,0.833,0.833],"y":[0.833,0.833,0.833]},"o":{"x":[0.167,0.167,0.167],"y":[0.167,0.167,0.167]},"t":35,"s":[55,11,100]},{"i":{"x":[0.833,0.833,0.833],"y":[0.833,0.833,0.833]},"o":{"x":[0.167,0.167,0.167],"y":[0.167,0.167,0.167]},"t":37,"s":[55,55,100]},{"i":{"x":[0.833,0.833,0.833],"y":[0.833,0.833,0.833]},"o":{"x":[0.167,0.167,0.167],"y":[0.167,0.167,0.167]},"t":39,"s":[55,11,100]},{"i":{"x":[0.833,0.833,0.833],"y":[0.833,0.833,0.833]},"o":{"x":[0.167,0.167,0.167],"y":[0.167,0.167,0.167]},"t":41,"s":[55,55,100]},{"i":{"x":[0.833,0.833,0.833],"y":[0.833,0.833,0.833]},"o":{"x":[0.167,0.167,0.167],"y":[0.167,0.167,0.167]},"t":80,"s":[55,55,100]},{"i":{"x":[0.833,0.833,0.833],"y":[0.833,0.833,0.833]},"o":{"x":[0.167,0.167,0.167],"y":[0.167,0.167,0.167]},"t":82,"s":[55,11,100]},{"i":{"x":[0.833,0.833,0.833],"y":[0.833,0.833,0.833]},"o":{"x":[0.167,0.167,0.167],"y":[0.167,0.167,0.167]},"t":84,"s":[55,55,100]},{"i":{"x":[0.833,0.833,0.833],"y":[0.833,0.833,0.833]},"o":{"x":[0.167,0.167,0.167],"y":[0.167,0.167,0.167]},"t":86,"s":[55,11,100]},{"t":88,"s":[55,55,100]}],"ix":6}},"ao":0,"shapes":[{"ty":"gr","it":[{"ind":0,"ty":"sh","ix":1,"ks":{"a":1,"k":[{"i":{"x":0.667,"y":1},"o":{"x":0.333,"y":0},"t":21,"s":[{"i":[[17.202,4.387],[-17.052,-22.369],[-22.52,1.378]],"o":[[-20.762,-5.295],[8.096,10.62],[21.119,-1.292]],"v":[[-6.048,-0.678],[-43.087,-3.867],[22.075,10.83]],"c":true}]},{"i":{"x":0.833,"y":0.833},"o":{"x":0.167,"y":0.167},"t":24,"s":[{"i":[[51.938,10.134],[-6.44,-27.38],[-26.603,27.869]],"o":[[-41.105,-8.021],[7.398,31.447],[26.603,-27.87]],"v":[[0.316,-62.497],[-45.814,6.133],[12.984,42.648]],"c":true}]},{"i":{"x":0.667,"y":1},"o":{"x":0.333,"y":0},"t":92,"s":[{"i":[[51.938,10.134],[-6.44,-27.38],[-26.603,27.869]],"o":[[-41.105,-8.021],[7.398,31.447],[26.603,-27.87]],"v":[[0.316,-62.497],[-45.814,6.133],[12.984,42.648]],"c":true}]},{"t":97,"s":[{"i":[[17.202,4.387],[-17.052,-22.369],[-22.52,1.378]],"o":[[-20.762,-5.295],[8.096,10.62],[21.119,-1.292]],"v":[[-6.048,-0.678],[-43.087,-3.867],[22.075,10.83]],"c":true}]}],"ix":2},"nm":"Path 1","mn":"ADBE Vector Shape - Group","hd":false},{"ty":"fl","c":{"a":0,"k":[0.188235294118,0,0.270588235294,1],"ix":4},"o":{"a":0,"k":100,"ix":5},"r":1,"bm":0,"nm":"Fill 1","mn":"ADBE Vector Graphic - Fill","hd":false},{"ty":"tr","p":{"a":0,"k":[52.504,70.768],"ix":2},"a":{"a":0,"k":[0,0],"ix":1},"s":{"a":0,"k":[100,100],"ix":3},"r":{"a":0,"k":0,"ix":6},"o":{"a":0,"k":100,"ix":7},"sk":{"a":0,"k":0,"ix":4},"sa":{"a":0,"k":0,"ix":5},"nm":"Transform"}],"nm":"Group 1","np":2,"cix":2,"bm":0,"ix":1,"mn":"ADBE Vector Group","hd":false}],"ip":0,"op":375,"st":0,"bm":0},{"ddd":0,"ind":15,"ty":4,"nm":"Eye_L","parent":12,"sr":1,"ks":{"o":{"a":0,"k":100,"ix":11},"r":{"a":0,"k":0,"ix":10},"p":{"a":0,"k":[12.746,53.076,0],"ix":2},"a":{"a":0,"k":[52.505,70.768,0],"ix":1},"s":{"a":1,"k":[{"i":{"x":[0.833,0.833,0.833],"y":[0.833,0.833,0.833]},"o":{"x":[0.167,0.167,0.167],"y":[0.167,0.167,0.167]},"t":33,"s":[55,55,100]},{"i":{"x":[0.833,0.833,0.833],"y":[0.833,0.833,0.833]},"o":{"x":[0.167,0.167,0.167],"y":[0.167,0.167,0.167]},"t":35,"s":[55,11,100]},{"i":{"x":[0.833,0.833,0.833],"y":[0.833,0.833,0.833]},"o":{"x":[0.167,0.167,0.167],"y":[0.167,0.167,0.167]},"t":37,"s":[55,55,100]},{"i":{"x":[0.833,0.833,0.833],"y":[0.833,0.833,0.833]},"o":{"x":[0.167,0.167,0.167],"y":[0.167,0.167,0.167]},"t":39,"s":[55,11,100]},{"i":{"x":[0.833,0.833,0.833],"y":[0.833,0.833,0.833]},"o":{"x":[0.167,0.167,0.167],"y":[0.167,0.167,0.167]},"t":41,"s":[55,55,100]},{"i":{"x":[0.833,0.833,0.833],"y":[0.833,0.833,0.833]},"o":{"x":[0.167,0.167,0.167],"y":[0.167,0.167,0.167]},"t":80,"s":[55,55,100]},{"i":{"x":[0.833,0.833,0.833],"y":[0.833,0.833,0.833]},"o":{"x":[0.167,0.167,0.167],"y":[0.167,0.167,0.167]},"t":82,"s":[55,11,100]},{"i":{"x":[0.833,0.833,0.833],"y":[0.833,0.833,0.833]},"o":{"x":[0.167,0.167,0.167],"y":[0.167,0.167,0.167]},"t":84,"s":[55,55,100]},{"i":{"x":[0.833,0.833,0.833],"y":[0.833,0.833,0.833]},"o":{"x":[0.167,0.167,0.167],"y":[0.167,0.167,0.167]},"t":86,"s":[55,11,100]},{"t":88,"s":[55,55,100]}],"ix":6}},"ao":0,"shapes":[{"ty":"gr","it":[{"ind":0,"ty":"sh","ix":1,"ks":{"a":1,"k":[{"i":{"x":0.667,"y":1},"o":{"x":0.333,"y":0},"t":21,"s":[{"i":[[-32.859,7.432],[18.283,-8.471],[10.718,-0.44]],"o":[[40.848,-9.239],[-24.886,11.529],[-21.126,0.867]],"v":[[5.139,-7.042],[37.633,-6.594],[-9.347,6.285]],"c":true}]},{"i":{"x":0.833,"y":0.833},"o":{"x":0.167,"y":0.167},"t":24,"s":[{"i":[[-51.939,10.134],[6.44,-27.38],[26.603,27.869]],"o":[[41.105,-8.021],[-7.398,31.447],[-26.603,-27.87]],"v":[[-0.315,-62.497],[45.814,6.133],[-12.983,42.648]],"c":true}]},{"i":{"x":0.667,"y":1},"o":{"x":0.333,"y":0},"t":92,"s":[{"i":[[-51.939,10.134],[6.44,-27.38],[26.603,27.869]],"o":[[41.105,-8.021],[-7.398,31.447],[-26.603,-27.87]],"v":[[-0.315,-62.497],[45.814,6.133],[-12.983,42.648]],"c":true}]},{"t":97,"s":[{"i":[[-32.859,7.432],[18.283,-8.471],[10.718,-0.44]],"o":[[40.848,-9.239],[-24.886,11.529],[-21.126,0.867]],"v":[[5.139,-7.042],[37.633,-6.594],[-9.347,6.285]],"c":true}]}],"ix":2},"nm":"Path 1","mn":"ADBE Vector Shape - Group","hd":false},{"ty":"fl","c":{"a":0,"k":[0.188235294118,0,0.270588235294,1],"ix":4},"o":{"a":0,"k":100,"ix":5},"r":1,"bm":0,"nm":"Fill 1","mn":"ADBE Vector Graphic - Fill","hd":false},{"ty":"tr","p":{"a":0,"k":[52.504,70.768],"ix":2},"a":{"a":0,"k":[0,0],"ix":1},"s":{"a":0,"k":[100,100],"ix":3},"r":{"a":0,"k":0,"ix":6},"o":{"a":0,"k":100,"ix":7},"sk":{"a":0,"k":0,"ix":4},"sa":{"a":0,"k":0,"ix":5},"nm":"Transform"}],"nm":"Group 1","np":2,"cix":2,"bm":0,"ix":1,"mn":"ADBE Vector Group","hd":false}],"ip":0,"op":375,"st":0,"bm":0},{"ddd":0,"ind":16,"ty":4,"nm":"Head","parent":25,"sr":1,"ks":{"o":{"a":0,"k":100,"ix":11},"r":{"a":0,"k":0,"ix":10},"p":{"a":1,"k":[{"i":{"x":0.667,"y":1},"o":{"x":0.333,"y":0},"t":2,"s":[121.503,-49.091,0],"to":[0,1.515,0],"ti":[0,0,0]},{"i":{"x":0.667,"y":1},"o":{"x":0.333,"y":0},"t":22.5,"s":[121.503,-40,0],"to":[0,0,0],"ti":[0,0,0]},{"i":{"x":0.667,"y":1},"o":{"x":0.333,"y":0},"t":43,"s":[121.503,-49.091,0],"to":[0,0,0],"ti":[0,0,0]},{"i":{"x":0.667,"y":1},"o":{"x":0.333,"y":0},"t":63.5,"s":[121.503,-40,0],"to":[0,0,0],"ti":[0,0,0]},{"i":{"x":0.667,"y":1},"o":{"x":0.333,"y":0},"t":84,"s":[121.503,-49.091,0],"to":[0,0,0],"ti":[0,0,0]},{"i":{"x":0.667,"y":1},"o":{"x":0.333,"y":0},"t":104.5,"s":[121.503,-40,0],"to":[0,0,0],"ti":[0,1.515,0]},{"t":125,"s":[121.503,-49.091,0]}],"ix":2},"a":{"a":0,"k":[155.044,268.86,0],"ix":1},"s":{"a":0,"k":[100,100,100],"ix":6}},"ao":0,"shapes":[{"ty":"gr","it":[{"ind":0,"ty":"sh","ix":1,"ks":{"a":1,"k":[{"i":{"x":0.833,"y":0.833},"o":{"x":0.167,"y":0.167},"t":41,"s":[{"i":[[-19.039,22.037],[-30.937,99.813],[-59.495,-5.185],[7.139,-75.183],[19.038,-3.888],[20.952,-6.465],[0,0],[23.798,6.169],[4.759,20.74],[27.367,11.667]],"o":[[-42.836,-11.666],[30.937,-99.813],[59.494,5.185],[-7.139,75.184],[15.469,23.333],[-25.003,7.716],[-7.14,25.925],[-23.797,-6.168],[-10.709,16.851],[-27.368,-11.667]],"v":[[-53.544,100.708],[-121.368,-57.437],[48.787,-146.879],[145.167,20.339],[58.305,107.189],[58.702,145.583],[29.121,115.103],[0.23,149.277],[-15.358,116.027],[-55.556,145.583]],"c":true}]},{"t":44,"s":[{"i":[[-19.039,22.037],[-24.121,113.056],[-59.495,-5.185],[7.139,-75.183],[19.038,-3.888],[20.952,-6.465],[0,0],[23.798,6.169],[4.759,20.74],[27.367,11.667]],"o":[[-42.836,-11.666],[21.804,-102.198],[59.494,5.185],[-7.139,75.184],[15.469,23.333],[-25.003,7.716],[-7.14,25.925],[-23.797,-6.168],[-10.709,16.851],[-27.368,-11.667]],"v":[[-25.363,103.435],[-133.187,-47.437],[48.787,-146.879],[146.076,2.157],[86.486,109.916],[86.883,148.31],[57.302,117.83],[28.412,152.004],[12.824,118.754],[-27.374,148.31]],"c":true}],"h":1},{"i":{"x":0.833,"y":0.833},"o":{"x":0.333,"y":0},"t":53,"s":[{"i":[[-19.039,22.037],[-24.121,113.056],[-59.495,-5.185],[7.139,-75.183],[19.038,-3.888],[20.952,-6.465],[0,0],[23.798,6.169],[4.759,20.74],[27.367,11.667]],"o":[[-42.836,-11.666],[21.804,-102.198],[59.494,5.185],[-7.139,75.184],[15.469,23.333],[-25.003,7.716],[-7.14,25.925],[-23.797,-6.168],[-10.709,16.851],[-27.368,-11.667]],"v":[[-25.363,103.435],[-133.187,-47.437],[48.787,-146.879],[146.076,2.157],[86.486,109.916],[86.883,148.31],[57.302,117.83],[28.412,152.004],[12.824,118.754],[-27.374,148.31]],"c":true}]},{"t":58,"s":[{"i":[[-19.039,22.037],[-8.666,111.744],[-59.495,-5.185],[7.139,-75.183],[19.038,-3.888],[20.952,-6.465],[0,0],[23.798,6.169],[4.759,20.74],[19.157,6.906]],"o":[[-31.035,-31.856],[8.08,-104.185],[59.494,5.185],[-7.139,75.184],[15.469,23.333],[-25.003,7.716],[-7.14,25.925],[-23.797,-6.168],[-10.709,16.851],[-27.988,-10.089]],"v":[[-72.635,107.072],[-133.187,-47.437],[48.786,-146.879],[157.894,2.157],[47.395,110.825],[39.611,151.947],[7.302,120.558],[-18.86,155.641],[-34.448,122.391],[-71.01,146.492]],"c":true}],"h":1},{"i":{"x":0.667,"y":1},"o":{"x":0.333,"y":0},"t":68,"s":[{"i":[[-19.039,22.037],[-8.666,111.744],[-59.495,-5.185],[7.139,-75.183],[19.038,-3.888],[20.952,-6.465],[0,0],[23.798,6.169],[4.759,20.74],[19.157,6.906]],"o":[[-31.035,-31.856],[8.08,-104.185],[59.494,5.185],[-7.139,75.184],[15.469,23.333],[-25.003,7.716],[-7.14,25.925],[-23.797,-6.168],[-10.709,16.851],[-27.988,-10.089]],"v":[[-72.635,107.072],[-133.187,-47.437],[48.786,-146.879],[157.894,2.157],[47.395,110.825],[39.611,151.947],[7.302,120.558],[-18.86,155.641],[-34.448,122.391],[-71.01,146.492]],"c":true}]},{"i":{"x":0.667,"y":1},"o":{"x":0.333,"y":0},"t":73,"s":[{"i":[[-19.039,22.037],[-24.121,113.056],[-59.495,-5.185],[7.139,-75.183],[19.038,-3.888],[20.952,-6.465],[0,0],[23.798,6.169],[4.759,20.74],[27.367,11.667]],"o":[[-42.836,-11.666],[21.804,-102.198],[59.494,5.185],[-7.139,75.184],[15.469,23.333],[-25.003,7.716],[-7.14,25.925],[-23.797,-6.168],[-10.709,16.851],[-27.368,-11.667]],"v":[[-25.363,103.435],[-133.187,-47.437],[48.787,-146.879],[146.076,2.157],[86.486,109.916],[86.883,148.31],[57.302,117.83],[28.412,152.004],[12.824,118.754],[-27.374,148.31]],"c":true}]},{"t":79,"s":[{"i":[[-19.039,22.037],[-30.937,99.813],[-59.495,-5.185],[7.139,-75.183],[19.038,-3.888],[20.952,-6.465],[0,0],[23.798,6.169],[4.759,20.74],[27.367,11.667]],"o":[[-42.836,-11.666],[30.937,-99.813],[59.494,5.185],[-7.139,75.184],[15.469,23.333],[-25.003,7.716],[-7.14,25.925],[-23.797,-6.168],[-10.709,16.851],[-27.368,-11.667]],"v":[[-53.544,100.708],[-121.368,-57.437],[48.787,-146.879],[145.167,20.339],[58.305,107.189],[58.702,145.583],[29.121,115.103],[0.23,149.277],[-15.358,116.027],[-55.556,145.583]],"c":true}]}],"ix":2},"nm":"Path 1","mn":"ADBE Vector Shape - Group","hd":false},{"ty":"fl","c":{"a":0,"k":[0.987999949736,0.948999980852,0.902000038297,1],"ix":4},"o":{"a":0,"k":100,"ix":5},"r":1,"bm":0,"nm":"Fill 1","mn":"ADBE Vector Graphic - Fill","hd":false},{"ty":"tr","p":{"a":0,"k":[152.555,157.5],"ix":2},"a":{"a":0,"k":[0,0],"ix":1},"s":{"a":0,"k":[100,100],"ix":3},"r":{"a":0,"k":0,"ix":6},"o":{"a":0,"k":100,"ix":7},"sk":{"a":0,"k":0,"ix":4},"sa":{"a":0,"k":0,"ix":5},"nm":"Transform"}],"nm":"Group 1","np":2,"cix":2,"bm":0,"ix":1,"mn":"ADBE Vector Group","hd":false}],"ip":0,"op":375,"st":0,"bm":0},{"ddd":0,"ind":17,"ty":4,"nm":"Elbow_R","parent":25,"sr":1,"ks":{"o":{"a":0,"k":100,"ix":11},"r":{"a":1,"k":[{"i":{"x":[0.667],"y":[1]},"o":{"x":[0.333],"y":[0]},"t":2,"s":[-7]},{"i":{"x":[0.667],"y":[1]},"o":{"x":[0.333],"y":[0]},"t":23.226,"s":[0]},{"i":{"x":[0.667],"y":[1]},"o":{"x":[0.333],"y":[0]},"t":43.333,"s":[-7]},{"i":{"x":[0.667],"y":[1]},"o":{"x":[0.333],"y":[0]},"t":64.559,"s":[0]},{"i":{"x":[0.667],"y":[1]},"o":{"x":[0.333],"y":[0]},"t":84.667,"s":[-7]},{"i":{"x":[0.667],"y":[1]},"o":{"x":[0.333],"y":[0]},"t":105.892,"s":[0]},{"t":126,"s":[-7]}],"ix":10},"p":{"a":0,"k":[257.22,54.457,0],"ix":2},"a":{"a":0,"k":[25.086,16.576,0],"ix":1},"s":{"a":0,"k":[100,100,100],"ix":6}},"ao":0,"shapes":[{"ty":"gr","it":[{"ind":0,"ty":"sh","ix":1,"ks":{"a":0,"k":{"i":[[0,0],[-8.656,-6.094],[0,0],[-5.468,9.506],[0,0],[0,0],[7.244,5.576],[0,0],[4.807,-5.115],[0,0]],"o":[[0,0],[8.654,6.096],[0,0],[5.467,-9.506],[0,0],[0,0],[-7.244,-5.576],[0,0],[-4.809,5.115],[0,0]],"v":[[-4.964,72.259],[-13.752,102.958],[9.13,86.047],[33.915,97.399],[15.626,64.202],[-7.921,-78.582],[5.691,-103.478],[-14.221,-93.445],[-34.572,-101.967],[-22.476,-80.317]],"c":true},"ix":2},"nm":"Path 1","mn":"ADBE Vector Shape - Group","hd":false},{"ty":"fl","c":{"a":0,"k":[0.987999949736,0.948999980852,0.902000038297,1],"ix":4},"o":{"a":0,"k":100,"ix":5},"r":1,"bm":0,"nm":"Fill 1","mn":"ADBE Vector Graphic - Fill","hd":false},{"ty":"tr","p":{"a":0,"k":[39.631,109.303],"ix":2},"a":{"a":0,"k":[0,0],"ix":1},"s":{"a":0,"k":[100,100],"ix":3},"r":{"a":0,"k":0,"ix":6},"o":{"a":0,"k":100,"ix":7},"sk":{"a":0,"k":0,"ix":4},"sa":{"a":0,"k":0,"ix":5},"nm":"Transform"}],"nm":"Group 1","np":2,"cix":2,"bm":0,"ix":1,"mn":"ADBE Vector Group","hd":false}],"ip":0,"op":375,"st":0,"bm":0},{"ddd":0,"ind":18,"ty":4,"nm":"Joint_R","parent":17,"sr":1,"ks":{"o":{"a":0,"k":100,"ix":11},"r":{"a":0,"k":0,"ix":10},"p":{"a":0,"k":[50.063,226.53,0],"ix":2},"a":{"a":0,"k":[16.264,13.177,0],"ix":1},"s":{"a":0,"k":[100,100,100],"ix":6}},"ao":0,"shapes":[{"ty":"gr","it":[{"ind":0,"ty":"sh","ix":1,"ks":{"a":0,"k":{"i":[[-20.431,4.061],[11.597,-1.657]],"o":[[11.597,-2.305],[-11.596,1.657]],"v":[[4.417,-10.623],[4.417,11.27]],"c":true},"ix":2},"nm":"Path 1","mn":"ADBE Vector Shape - Group","hd":false},{"ty":"fl","c":{"a":0,"k":[0.987999949736,0.948999980852,0.902000038297,1],"ix":4},"o":{"a":0,"k":100,"ix":5},"r":1,"bm":0,"nm":"Fill 1","mn":"ADBE Vector Graphic - Fill","hd":false},{"ty":"tr","p":{"a":0,"k":[16.264,13.178],"ix":2},"a":{"a":0,"k":[0,0],"ix":1},"s":{"a":0,"k":[100,100],"ix":3},"r":{"a":0,"k":0,"ix":6},"o":{"a":0,"k":100,"ix":7},"sk":{"a":0,"k":0,"ix":4},"sa":{"a":0,"k":0,"ix":5},"nm":"Transform"}],"nm":"Group 1","np":2,"cix":2,"bm":0,"ix":1,"mn":"ADBE Vector Group","hd":false}],"ip":0,"op":375,"st":0,"bm":0},{"ddd":0,"ind":19,"ty":4,"nm":"Arm_R","parent":18,"sr":1,"ks":{"o":{"a":0,"k":100,"ix":11},"r":{"a":1,"k":[{"i":{"x":[0.667],"y":[1]},"o":{"x":[0.333],"y":[0]},"t":6,"s":[-3]},{"i":{"x":[0.667],"y":[1]},"o":{"x":[0.333],"y":[0]},"t":27.226,"s":[0]},{"i":{"x":[0.667],"y":[1]},"o":{"x":[0.333],"y":[0]},"t":47.333,"s":[-3]},{"i":{"x":[0.667],"y":[1]},"o":{"x":[0.333],"y":[0]},"t":68.559,"s":[0]},{"i":{"x":[0.667],"y":[1]},"o":{"x":[0.333],"y":[0]},"t":88.667,"s":[-3]},{"i":{"x":[0.667],"y":[1]},"o":{"x":[0.333],"y":[0]},"t":109.892,"s":[0]},{"t":130,"s":[-3]}],"ix":10},"p":{"a":0,"k":[22.284,15.557,0],"ix":2},"a":{"a":0,"k":[27.13,-3.851,0],"ix":1},"s":{"a":0,"k":[100,100,100],"ix":6}},"ao":0,"shapes":[{"ty":"gr","it":[{"ind":0,"ty":"sh","ix":1,"ks":{"a":0,"k":{"i":[[0,0],[4.013,-7.844],[0,0],[0,0],[-6.569,-0.491],[0,0],[1.611,8.269],[0,0],[0,0],[4.786,1.069]],"o":[[0,0],[-4.013,7.844],[0,0],[0,0],[6.568,0.489],[0,0],[-1.612,-8.268],[0,0],[0,0],[-4.786,-1.071]],"v":[[-38.723,-47.145],[-64.686,-51.721],[-41.823,-37.627],[24.288,39.844],[35.494,64.501],[42.283,42.631],[67.087,37.798],[42.314,25.175],[-20.347,-43.86],[-23.111,-63.919]],"c":true},"ix":2},"nm":"Path 1","mn":"ADBE Vector Shape - Group","hd":false},{"ty":"fl","c":{"a":0,"k":[0.987999949736,0.948999980852,0.902000038297,1],"ix":4},"o":{"a":0,"k":100,"ix":5},"r":1,"bm":0,"nm":"Fill 1","mn":"ADBE Vector Graphic - Fill","hd":false},{"ty":"tr","p":{"a":0,"k":[68.948,65.24],"ix":2},"a":{"a":0,"k":[0,0],"ix":1},"s":{"a":0,"k":[100,100],"ix":3},"r":{"a":0,"k":0,"ix":6},"o":{"a":0,"k":100,"ix":7},"sk":{"a":0,"k":0,"ix":4},"sa":{"a":0,"k":0,"ix":5},"nm":"Transform"}],"nm":"Group 1","np":2,"cix":2,"bm":0,"ix":1,"mn":"ADBE Vector Group","hd":false}],"ip":0,"op":375,"st":0,"bm":0},{"ddd":0,"ind":20,"ty":4,"nm":"Hand_R","parent":19,"sr":1,"ks":{"o":{"a":0,"k":100,"ix":11},"r":{"a":1,"k":[{"i":{"x":[0.667],"y":[1]},"o":{"x":[0.333],"y":[0]},"t":10,"s":[0]},{"i":{"x":[0.667],"y":[1]},"o":{"x":[0.333],"y":[0]},"t":31.226,"s":[-10]},{"i":{"x":[0.667],"y":[1]},"o":{"x":[0.333],"y":[0]},"t":51.333,"s":[0]},{"i":{"x":[0.667],"y":[1]},"o":{"x":[0.333],"y":[0]},"t":72.559,"s":[-10]},{"i":{"x":[0.667],"y":[1]},"o":{"x":[0.333],"y":[0]},"t":92.667,"s":[0]},{"i":{"x":[0.667],"y":[1]},"o":{"x":[0.333],"y":[0]},"t":113.892,"s":[-10]},{"t":134,"s":[0]}],"ix":10},"p":{"a":0,"k":[130.119,128.628,0],"ix":2},"a":{"a":0,"k":[7.978,22.765,0],"ix":1},"s":{"a":0,"k":[100,100,100],"ix":6}},"ao":0,"shapes":[{"ty":"gr","it":[{"ind":0,"ty":"sh","ix":1,"ks":{"a":0,"k":{"i":[[5.388,27.819],[-14.596,0.949],[0.551,-4.164],[2.942,-1.825],[-2.2,-4.785],[-5.556,6.184],[-2.973,4.15],[6.786,-11.628],[0,0],[-0.003,-3.285],[7.334,2.094],[1.52,-2.169],[0,0],[6.169,-2.97]],"o":[[0.947,-27.046],[11.949,-0.776],[-1.198,9.068],[-6.868,4.261],[3.767,6.621],[4.196,-4.672],[5.688,-7.937],[-5.804,9.944],[10.974,6.545],[0.007,7.638],[8.344,7.912],[-4.365,6.226],[6.443,12.398],[-9.819,4.728]],"v":[[-34.091,-0.61],[-0.484,-36.284],[17.097,-32.017],[4.246,-26.475],[-0.596,-13.204],[18.445,-12.151],[19.9,-27.5],[27.298,-8.047],[3.574,1.25],[34.084,13.42],[5.979,12.248],[23.173,23.967],[-0.799,20.145],[11.898,32.332]],"c":true},"ix":2},"nm":"Path 1","mn":"ADBE Vector Shape - Group","hd":false},{"ty":"fl","c":{"a":0,"k":[0.987999949736,0.948999980852,0.902000038297,1],"ix":4},"o":{"a":0,"k":100,"ix":5},"r":1,"bm":0,"nm":"Fill 1","mn":"ADBE Vector Graphic - Fill","hd":false},{"ty":"tr","p":{"a":0,"k":[34.342,37.31],"ix":2},"a":{"a":0,"k":[0,0],"ix":1},"s":{"a":0,"k":[100,100],"ix":3},"r":{"a":0,"k":0,"ix":6},"o":{"a":0,"k":100,"ix":7},"sk":{"a":0,"k":0,"ix":4},"sa":{"a":0,"k":0,"ix":5},"nm":"Transform"}],"nm":"Group 1","np":2,"cix":2,"bm":0,"ix":1,"mn":"ADBE Vector Group","hd":false}],"ip":0,"op":375,"st":0,"bm":0},{"ddd":0,"ind":21,"ty":4,"nm":"Elbow_L","parent":25,"sr":1,"ks":{"o":{"a":0,"k":100,"ix":11},"r":{"a":1,"k":[{"i":{"x":[0.667],"y":[1]},"o":{"x":[0.333],"y":[0]},"t":2,"s":[7]},{"i":{"x":[0.667],"y":[1]},"o":{"x":[0.333],"y":[0]},"t":23.226,"s":[0]},{"i":{"x":[0.667],"y":[1]},"o":{"x":[0.333],"y":[0]},"t":43.333,"s":[7]},{"i":{"x":[0.667],"y":[1]},"o":{"x":[0.333],"y":[0]},"t":64.559,"s":[0]},{"i":{"x":[0.667],"y":[1]},"o":{"x":[0.333],"y":[0]},"t":84.667,"s":[7]},{"i":{"x":[0.667],"y":[1]},"o":{"x":[0.333],"y":[0]},"t":105.892,"s":[0]},{"t":126,"s":[7]}],"ix":10},"p":{"a":0,"k":[-13.805,55.366,0],"ix":2},"a":{"a":0,"k":[55.086,17.485,0],"ix":1},"s":{"a":0,"k":[100,100,100],"ix":6}},"ao":0,"shapes":[{"ty":"gr","it":[{"ind":0,"ty":"sh","ix":1,"ks":{"a":0,"k":{"i":[[0,0],[8.655,-6.094],[0,0],[5.466,9.506],[0,0],[0,0],[-7.244,5.576],[0,0],[-4.808,-5.115],[0,0]],"o":[[0,0],[-8.656,6.096],[0,0],[-5.467,-9.506],[0,0],[0,0],[7.245,-5.576],[0,0],[4.809,5.115],[0,0]],"v":[[4.964,72.259],[13.753,102.958],[-9.129,86.047],[-33.914,97.399],[-15.627,64.202],[7.921,-78.582],[-5.692,-103.478],[14.221,-93.445],[34.572,-101.967],[22.476,-80.317]],"c":true},"ix":2},"nm":"Path 1","mn":"ADBE Vector Shape - Group","hd":false},{"ty":"fl","c":{"a":0,"k":[0.987999949736,0.948999980852,0.902000038297,1],"ix":4},"o":{"a":0,"k":100,"ix":5},"r":1,"bm":0,"nm":"Fill 1","mn":"ADBE Vector Graphic - Fill","hd":false},{"ty":"tr","p":{"a":0,"k":[39.631,109.303],"ix":2},"a":{"a":0,"k":[0,0],"ix":1},"s":{"a":0,"k":[100,100],"ix":3},"r":{"a":0,"k":0,"ix":6},"o":{"a":0,"k":100,"ix":7},"sk":{"a":0,"k":0,"ix":4},"sa":{"a":0,"k":0,"ix":5},"nm":"Transform"}],"nm":"Group 1","np":2,"cix":2,"bm":0,"ix":1,"mn":"ADBE Vector Group","hd":false}],"ip":0,"op":375,"st":0,"bm":0},{"ddd":0,"ind":22,"ty":4,"nm":"Joint_L","parent":21,"sr":1,"ks":{"o":{"a":0,"k":100,"ix":11},"r":{"a":0,"k":0,"ix":10},"p":{"a":0,"k":[29.198,226.53,0],"ix":2},"a":{"a":0,"k":[16.264,13.177,0],"ix":1},"s":{"a":0,"k":[100,100,100],"ix":6}},"ao":0,"shapes":[{"ty":"gr","it":[{"ind":0,"ty":"sh","ix":1,"ks":{"a":0,"k":{"i":[[20.431,4.061],[-11.596,-1.657]],"o":[[-11.597,-2.305],[11.596,1.657]],"v":[[-4.417,-10.623],[-4.417,11.27]],"c":true},"ix":2},"nm":"Path 1","mn":"ADBE Vector Shape - Group","hd":false},{"ty":"fl","c":{"a":0,"k":[0.987999949736,0.948999980852,0.902000038297,1],"ix":4},"o":{"a":0,"k":100,"ix":5},"r":1,"bm":0,"nm":"Fill 1","mn":"ADBE Vector Graphic - Fill","hd":false},{"ty":"tr","p":{"a":0,"k":[16.264,13.178],"ix":2},"a":{"a":0,"k":[0,0],"ix":1},"s":{"a":0,"k":[100,100],"ix":3},"r":{"a":0,"k":0,"ix":6},"o":{"a":0,"k":100,"ix":7},"sk":{"a":0,"k":0,"ix":4},"sa":{"a":0,"k":0,"ix":5},"nm":"Transform"}],"nm":"Group 1","np":2,"cix":2,"bm":0,"ix":1,"mn":"ADBE Vector Group","hd":false}],"ip":0,"op":375,"st":0,"bm":0},{"ddd":0,"ind":23,"ty":4,"nm":"Arm_L","parent":22,"sr":1,"ks":{"o":{"a":0,"k":100,"ix":11},"r":{"a":1,"k":[{"i":{"x":[0.667],"y":[1]},"o":{"x":[0.333],"y":[0]},"t":6,"s":[3]},{"i":{"x":[0.667],"y":[1]},"o":{"x":[0.333],"y":[0]},"t":27.226,"s":[0]},{"i":{"x":[0.667],"y":[1]},"o":{"x":[0.333],"y":[0]},"t":47.333,"s":[3]},{"i":{"x":[0.667],"y":[1]},"o":{"x":[0.333],"y":[0]},"t":68.559,"s":[0]},{"i":{"x":[0.667],"y":[1]},"o":{"x":[0.333],"y":[0]},"t":88.667,"s":[3]},{"i":{"x":[0.667],"y":[1]},"o":{"x":[0.333],"y":[0]},"t":109.892,"s":[0]},{"t":130,"s":[3]}],"ix":10},"p":{"a":0,"k":[13.881,14.648,0],"ix":2},"a":{"a":0,"k":[114.403,-4.76,0],"ix":1},"s":{"a":0,"k":[100,100,100],"ix":6}},"ao":0,"shapes":[{"ty":"gr","it":[{"ind":0,"ty":"sh","ix":1,"ks":{"a":0,"k":{"i":[[0,0],[-4.012,-7.844],[0,0],[0,0],[6.569,-0.491],[0,0],[-1.611,8.269],[0,0],[0,0],[-4.785,1.069]],"o":[[0,0],[4.013,7.844],[0,0],[0,0],[-6.569,0.489],[0,0],[1.612,-8.268],[0,0],[0,0],[4.786,-1.071]],"v":[[38.725,-47.145],[64.686,-51.721],[41.824,-37.627],[-24.288,39.844],[-35.493,64.501],[-42.282,42.631],[-67.088,37.798],[-42.313,25.175],[20.347,-43.86],[23.111,-63.919]],"c":true},"ix":2},"nm":"Path 1","mn":"ADBE Vector Shape - Group","hd":false},{"ty":"fl","c":{"a":0,"k":[0.987999949736,0.948999980852,0.902000038297,1],"ix":4},"o":{"a":0,"k":100,"ix":5},"r":1,"bm":0,"nm":"Fill 1","mn":"ADBE Vector Graphic - Fill","hd":false},{"ty":"tr","p":{"a":0,"k":[68.948,65.24],"ix":2},"a":{"a":0,"k":[0,0],"ix":1},"s":{"a":0,"k":[100,100],"ix":3},"r":{"a":0,"k":0,"ix":6},"o":{"a":0,"k":100,"ix":7},"sk":{"a":0,"k":0,"ix":4},"sa":{"a":0,"k":0,"ix":5},"nm":"Transform"}],"nm":"Group 1","np":2,"cix":2,"bm":0,"ix":1,"mn":"ADBE Vector Group","hd":false}],"ip":0,"op":375,"st":0,"bm":0},{"ddd":0,"ind":24,"ty":4,"nm":"Hand_L","parent":23,"sr":1,"ks":{"o":{"a":0,"k":100,"ix":11},"r":{"a":1,"k":[{"i":{"x":[0.667],"y":[1]},"o":{"x":[0.333],"y":[0]},"t":10,"s":[0]},{"i":{"x":[0.667],"y":[1]},"o":{"x":[0.333],"y":[0]},"t":31.226,"s":[10]},{"i":{"x":[0.667],"y":[1]},"o":{"x":[0.333],"y":[0]},"t":51.333,"s":[0]},{"i":{"x":[0.667],"y":[1]},"o":{"x":[0.333],"y":[0]},"t":72.559,"s":[10]},{"i":{"x":[0.667],"y":[1]},"o":{"x":[0.333],"y":[0]},"t":92.667,"s":[0]},{"i":{"x":[0.667],"y":[1]},"o":{"x":[0.333],"y":[0]},"t":113.892,"s":[10]},{"t":134,"s":[0]}],"ix":10},"p":{"a":0,"k":[7.779,126.81,0],"ix":2},"a":{"a":0,"k":[60.705,20.946,0],"ix":1},"s":{"a":0,"k":[100,100,100],"ix":6}},"ao":0,"shapes":[{"ty":"gr","it":[{"ind":0,"ty":"sh","ix":1,"ks":{"a":0,"k":{"i":[[-5.388,27.819],[14.596,0.949],[-0.55,-4.164],[-2.943,-1.825],[2.2,-4.785],[5.555,6.184],[2.974,4.15],[-6.786,-11.628],[0,0],[0.003,-3.285],[-7.335,2.094],[-1.521,-2.169],[0,0],[-6.168,-2.97]],"o":[[-0.947,-27.046],[-11.948,-0.776],[1.199,9.068],[6.867,4.261],[-3.767,6.621],[-4.197,-4.672],[-5.688,-7.937],[5.804,9.944],[-10.974,6.545],[-0.007,7.638],[-8.344,7.912],[4.364,6.226],[-6.444,12.398],[9.82,4.728]],"v":[[34.092,-0.61],[0.484,-36.284],[-17.098,-32.017],[-4.245,-26.475],[0.596,-13.204],[-18.446,-12.151],[-19.9,-27.5],[-27.299,-8.047],[-3.575,1.25],[-34.085,13.42],[-5.98,12.248],[-23.174,23.967],[0.799,20.145],[-11.9,32.332]],"c":true},"ix":2},"nm":"Path 1","mn":"ADBE Vector Shape - Group","hd":false},{"ty":"fl","c":{"a":0,"k":[0.987999949736,0.948999980852,0.902000038297,1],"ix":4},"o":{"a":0,"k":100,"ix":5},"r":1,"bm":0,"nm":"Fill 1","mn":"ADBE Vector Graphic - Fill","hd":false},{"ty":"tr","p":{"a":0,"k":[34.341,37.31],"ix":2},"a":{"a":0,"k":[0,0],"ix":1},"s":{"a":0,"k":[100,100],"ix":3},"r":{"a":0,"k":0,"ix":6},"o":{"a":0,"k":100,"ix":7},"sk":{"a":0,"k":0,"ix":4},"sa":{"a":0,"k":0,"ix":5},"nm":"Transform"}],"nm":"Group 1","np":2,"cix":2,"bm":0,"ix":1,"mn":"ADBE Vector Group","hd":false}],"ip":0,"op":375,"st":0,"bm":0},{"ddd":0,"ind":25,"ty":4,"nm":"Body","sr":1,"ks":{"o":{"a":0,"k":100,"ix":11},"r":{"a":0,"k":0,"ix":10},"p":{"a":1,"k":[{"i":{"x":0.667,"y":1},"o":{"x":0.333,"y":0},"t":0,"s":[400.594,432.665,0],"to":[0,-5.667,0],"ti":[0,0,0]},{"i":{"x":0.667,"y":1},"o":{"x":0.333,"y":0},"t":20.667,"s":[400.594,398.665,0],"to":[0,0,0],"ti":[0,0,0]},{"i":{"x":0.667,"y":1},"o":{"x":0.333,"y":0},"t":41.332,"s":[400.594,432.665,0],"to":[0,0,0],"ti":[0,0,0]},{"i":{"x":0.667,"y":1},"o":{"x":0.333,"y":0},"t":62.001,"s":[400.594,398.665,0],"to":[0,0,0],"ti":[0,0,0]},{"i":{"x":0.667,"y":1},"o":{"x":0.333,"y":0},"t":82.668,"s":[400.594,432.665,0],"to":[0,0,0],"ti":[0,0,0]},{"i":{"x":0.667,"y":1},"o":{"x":0.333,"y":0},"t":103.334,"s":[400.594,398.665,0],"to":[0,0,0],"ti":[0,-5.667,0]},{"t":124,"s":[400.594,432.665,0]}],"ix":2},"a":{"a":0,"k":[122.788,210.677,0],"ix":1},"s":{"a":0,"k":[55,55,100],"ix":6}},"ao":0,"shapes":[{"ty":"gr","it":[{"ind":0,"ty":"sh","ix":1,"ks":{"a":0,"k":{"i":[[10.034,-4.338],[45.207,23.352],[-12.918,-13.766],[-4.505,-8.285]],"o":[[-41.096,17.766],[-18.119,-9.361],[6.4,-13.805],[8.715,-20.984]],"v":[[43.583,-40.521],[-35.498,-35.261],[-12.962,44.858],[5.117,44.858]],"c":true},"ix":2},"nm":"Path 1","mn":"ADBE Vector Shape - Group","hd":false},{"ty":"fl","c":{"a":0,"k":[0.987999949736,0.948999980852,0.902000038297,1],"ix":4},"o":{"a":0,"k":100,"ix":5},"r":1,"bm":0,"nm":"Fill 1","mn":"ADBE Vector Graphic - Fill","hd":false},{"ty":"tr","p":{"a":0,"k":[125.64,347.333],"ix":2},"a":{"a":0,"k":[0,0],"ix":1},"s":{"a":0,"k":[100,100],"ix":3},"r":{"a":0,"k":0,"ix":6},"o":{"a":0,"k":100,"ix":7},"sk":{"a":0,"k":0,"ix":4},"sa":{"a":0,"k":0,"ix":5},"nm":"Transform"}],"nm":"Group 1","np":2,"cix":2,"bm":0,"ix":1,"mn":"ADBE Vector Group","hd":false},{"ty":"gr","it":[{"ind":0,"ty":"sh","ix":1,"ks":{"a":0,"k":{"i":[[-23.729,-15.856],[10.67,6.946]],"o":[[19.122,12.779],[-26.255,-17.085]],"v":[[5.675,-28.559],[9.299,30.297]],"c":true},"ix":2},"nm":"Path 1","mn":"ADBE Vector Shape - Group","hd":false},{"ind":1,"ty":"sh","ix":2,"ks":{"a":0,"k":{"i":[[-10.149,-6.955],[-6.066,-11.747],[-9.065,7.05],[1.945,16.395],[-0.036,-0.049],[0,0],[3.744,1.486],[14.135,-10.658],[-0.732,-17.939]],"o":[[8.646,5.926],[5.27,10.205],[7.963,-6.193],[0.036,0.049],[0,0],[-1.094,-3.876],[-10.864,-4.315],[-12.082,9.109],[0.501,12.294]],"v":[[-27.057,23.099],[-1.435,49.97],[26.06,56.239],[42.974,22.635],[43.083,22.776],[26.714,-35.268],[18.992,-43.706],[-27.703,-52.632],[-44.187,-7.401]],"c":true},"ix":2},"nm":"Path 2","mn":"ADBE Vector Shape - Group","hd":false},{"ty":"mm","mm":1,"nm":"Merge Paths 1","mn":"ADBE Vector Filter - Merge","hd":false},{"ty":"fl","c":{"a":0,"k":[0.987999949736,0.948999980852,0.902000038297,1],"ix":4},"o":{"a":0,"k":100,"ix":5},"r":1,"bm":0,"nm":"Fill 1","mn":"ADBE Vector Graphic - Fill","hd":false},{"ty":"tr","p":{"a":0,"k":[71.15,355.778],"ix":2},"a":{"a":0,"k":[0,0],"ix":1},"s":{"a":0,"k":[100,100],"ix":3},"r":{"a":0,"k":0,"ix":6},"o":{"a":0,"k":100,"ix":7},"sk":{"a":0,"k":0,"ix":4},"sa":{"a":0,"k":0,"ix":5},"nm":"Transform"}],"nm":"Group 2","np":4,"cix":2,"bm":0,"ix":2,"mn":"ADBE Vector Group","hd":false},{"ty":"gr","it":[{"ind":0,"ty":"sh","ix":1,"ks":{"a":0,"k":{"i":[[26.256,-17.087],[-19.122,12.779]],"o":[[-10.67,6.945],[23.729,-15.857]],"v":[[-9.299,30.297],[-5.676,-28.557]],"c":true},"ix":2},"nm":"Path 1","mn":"ADBE Vector Shape - Group","hd":false},{"ind":1,"ty":"sh","ix":2,"ks":{"a":0,"k":{"i":[[-0.501,12.294],[12.082,9.109],[10.864,-4.314],[1.093,-3.876],[0,0],[-0.036,0.049],[-7.963,-6.191],[-5.269,10.204],[-8.646,5.926]],"o":[[0.732,-17.941],[-14.135,-10.658],[-3.745,1.486],[0,0],[0.036,-0.048],[-1.944,16.394],[9.067,7.051],[6.066,-11.747],[10.15,-6.956]],"v":[[44.186,-7.401],[27.702,-52.631],[-18.991,-43.706],[-26.713,-35.266],[-43.084,22.776],[-42.975,22.637],[-26.061,56.238],[1.434,49.971],[27.056,23.101]],"c":true},"ix":2},"nm":"Path 2","mn":"ADBE Vector Shape - Group","hd":false},{"ty":"mm","mm":1,"nm":"Merge Paths 1","mn":"ADBE Vector Filter - Merge","hd":false},{"ty":"fl","c":{"a":0,"k":[0.987999949736,0.948999980852,0.902000038297,1],"ix":4},"o":{"a":0,"k":100,"ix":5},"r":1,"bm":0,"nm":"Fill 1","mn":"ADBE Vector Graphic - Fill","hd":false},{"ty":"tr","p":{"a":0,"k":[172.905,357.815],"ix":2},"a":{"a":0,"k":[0,0],"ix":1},"s":{"a":0,"k":[100,100],"ix":3},"r":{"a":0,"k":0,"ix":6},"o":{"a":0,"k":100,"ix":7},"sk":{"a":0,"k":0,"ix":4},"sa":{"a":0,"k":0,"ix":5},"nm":"Transform"}],"nm":"Group 3","np":4,"cix":2,"bm":0,"ix":3,"mn":"ADBE Vector Group","hd":false},{"ty":"gr","it":[{"ind":0,"ty":"sh","ix":1,"ks":{"a":0,"k":{"i":[[5.393,0],[0.051,0.354],[-1.53,1.762],[-2.454,0],[-0.64,-0.09],[-3.962,0],[0,0],[-7.639,2.115],[-1.467,0.377],[12.065,-2.68]],"o":[[-9.884,0],[-0.691,-4.865],[0.29,-0.335],[0.551,0],[4.151,0.581],[0,0],[11.535,0],[1.545,-0.427],[-2.312,5.504],[-6.024,1.338]],"v":[[-12.747,9.698],[-25.28,6.993],[-23.92,-3.752],[-20.405,-4.975],[-18.611,-4.84],[-6.382,-3.963],[-6.379,-3.963],[21.454,-8.477],[25.97,-9.698],[4.955,7.624]],"c":true},"ix":2},"nm":"Path 1","mn":"ADBE Vector Shape - Group","hd":false},{"ty":"fl","c":{"a":0,"k":[0.987999949736,0.948999980852,0.902000038297,1],"ix":4},"o":{"a":0,"k":100,"ix":5},"r":1,"bm":0,"nm":"Fill 1","mn":"ADBE Vector Graphic - Fill","hd":false},{"ty":"tr","p":{"a":0,"k":[178.754,263.437],"ix":2},"a":{"a":0,"k":[0,0],"ix":1},"s":{"a":0,"k":[100,100],"ix":3},"r":{"a":0,"k":0,"ix":6},"o":{"a":0,"k":100,"ix":7},"sk":{"a":0,"k":0,"ix":4},"sa":{"a":0,"k":0,"ix":5},"nm":"Transform"}],"nm":"Group 4","np":2,"cix":2,"bm":0,"ix":4,"mn":"ADBE Vector Group","hd":false},{"ty":"gr","it":[{"ind":0,"ty":"sh","ix":1,"ks":{"a":0,"k":{"i":[[11.181,0],[4.323,1.25],[-0.853,6.029],[-4.097,0],[-0.455,-0.087],[-1.407,0],[-22.232,23.356],[-3.37,4.338],[-0.92,1.024],[18.821,-18.068]],"o":[[-4.934,0],[-5.518,-1.597],[0.231,-1.624],[0.402,0],[1.643,0.313],[5.329,0],[8.475,-8.906],[1.282,-1.649],[1.748,6.56],[-16.012,15.371]],"v":[[-22.965,35.919],[-37.115,34.009],[-44.191,19.195],[-38.793,12.273],[-37.501,12.404],[-32.428,12.781],[22.845,-11.756],[39.781,-31.557],[43.296,-35.919],[20.916,17.322]],"c":true},"ix":2},"nm":"Path 1","mn":"ADBE Vector Shape - Group","hd":false},{"ty":"fl","c":{"a":0,"k":[0.987999949736,0.948999980852,0.902000038297,1],"ix":4},"o":{"a":0,"k":100,"ix":5},"r":1,"bm":0,"nm":"Fill 1","mn":"ADBE Vector Graphic - Fill","hd":false},{"ty":"tr","p":{"a":0,"k":[200.282,188.808],"ix":2},"a":{"a":0,"k":[0,0],"ix":1},"s":{"a":0,"k":[100,100],"ix":3},"r":{"a":0,"k":0,"ix":6},"o":{"a":0,"k":100,"ix":7},"sk":{"a":0,"k":0,"ix":4},"sa":{"a":0,"k":0,"ix":5},"nm":"Transform"}],"nm":"Group 5","np":2,"cix":2,"bm":0,"ix":5,"mn":"ADBE Vector Group","hd":false},{"ty":"gr","it":[{"ind":0,"ty":"sh","ix":1,"ks":{"a":0,"k":{"i":[[5.231,0],[0.001,1.955],[-8.676,3.298],[-2.522,0.471],[-13.928,29.697],[-1.444,1.145],[1.666,-11.614],[23.227,-6.962]],"o":[[-11.447,0],[-0.006,-11.312],[1.218,-0.464],[12.994,-2.426],[5.071,-10.818],[1.318,2.666],[-3.307,23.056],[-7.593,2.276]],"v":[[-28.427,39.56],[-39.88,32.411],[-29.9,14.013],[-23.776,12.633],[27.332,-24.004],[37.24,-39.56],[38.219,-17.401],[-9.101,36.131]],"c":true},"ix":2},"nm":"Path 1","mn":"ADBE Vector Shape - Group","hd":false},{"ty":"fl","c":{"a":0,"k":[0.987999949736,0.948999980852,0.902000038297,1],"ix":4},"o":{"a":0,"k":100,"ix":5},"r":1,"bm":0,"nm":"Fill 1","mn":"ADBE Vector Graphic - Fill","hd":false},{"ty":"tr","p":{"a":0,"k":[190.584,121.424],"ix":2},"a":{"a":0,"k":[0,0],"ix":1},"s":{"a":0,"k":[100,100],"ix":3},"r":{"a":0,"k":0,"ix":6},"o":{"a":0,"k":100,"ix":7},"sk":{"a":0,"k":0,"ix":4},"sa":{"a":0,"k":0,"ix":5},"nm":"Transform"}],"nm":"Group 6","np":2,"cix":2,"bm":0,"ix":6,"mn":"ADBE Vector Group","hd":false},{"ty":"gr","it":[{"ind":0,"ty":"sh","ix":1,"ks":{"a":0,"k":{"i":[[0.973,0],[1.099,4.066],[-0.573,0.334],[-1.264,0.718],[-7.04,7.914],[-0.188,0.184],[1.665,-4.251],[13.583,-5.224]],"o":[[-4.269,0],[-0.691,-2.556],[0.725,-0.422],[15.592,-8.862],[0.224,-0.252],[0.302,2.012],[-4.496,11.484],[-1.064,0.41]],"v":[[-12.826,21.088],[-21.54,12.907],[-21.232,8.191],[-18.211,6.465],[21.311,-20.436],[21.929,-21.088],[20.432,-11.264],[-9.756,20.47]],"c":true},"ix":2},"nm":"Path 1","mn":"ADBE Vector Shape - Group","hd":false},{"ty":"fl","c":{"a":0,"k":[0.987999949736,0.948999980852,0.902000038297,1],"ix":4},"o":{"a":0,"k":100,"ix":5},"r":1,"bm":0,"nm":"Fill 1","mn":"ADBE Vector Graphic - Fill","hd":false},{"ty":"tr","p":{"a":0,"k":[173.351,73.407],"ix":2},"a":{"a":0,"k":[0,0],"ix":1},"s":{"a":0,"k":[100,100],"ix":3},"r":{"a":0,"k":0,"ix":6},"o":{"a":0,"k":100,"ix":7},"sk":{"a":0,"k":0,"ix":4},"sa":{"a":0,"k":0,"ix":5},"nm":"Transform"}],"nm":"Group 7","np":2,"cix":2,"bm":0,"ix":7,"mn":"ADBE Vector Group","hd":false},{"ty":"gr","it":[{"ind":0,"ty":"sh","ix":1,"ks":{"a":0,"k":{"i":[[9.858,0],[5.634,1.153],[2.404,5.466],[-1.551,-0.403],[-10.872,0],[-4.612,0.725],[-0.596,0],[-0.287,-0.325],[0.607,-4.849]],"o":[[-5.142,0],[-12.107,-2.478],[1.473,0.353],[7.348,1.901],[4.395,0],[0.702,-0.109],[2.341,0],[1.544,1.749],[-0.077,0.619]],"v":[[11.947,9.377],[-4.763,7.59],[-26.065,-9.377],[-21.528,-8.231],[5.019,-4.173],[18.593,-5.265],[20.549,-5.431],[23.938,-4.243],[25.458,6.455]],"c":true},"ix":2},"nm":"Path 1","mn":"ADBE Vector Shape - Group","hd":false},{"ty":"fl","c":{"a":0,"k":[0.987999949736,0.948999980852,0.902000038297,1],"ix":4},"o":{"a":0,"k":100,"ix":5},"r":1,"bm":0,"nm":"Fill 1","mn":"ADBE Vector Graphic - Fill","hd":false},{"ty":"tr","p":{"a":0,"k":[68.484,263.226],"ix":2},"a":{"a":0,"k":[0,0],"ix":1},"s":{"a":0,"k":[100,100],"ix":3},"r":{"a":0,"k":0,"ix":6},"o":{"a":0,"k":100,"ix":7},"sk":{"a":0,"k":0,"ix":4},"sa":{"a":0,"k":0,"ix":5},"nm":"Transform"}],"nm":"Group 8","np":2,"cix":2,"bm":0,"ix":8,"mn":"ADBE Vector Group","hd":false},{"ty":"gr","it":[{"ind":0,"ty":"sh","ix":1,"ks":{"a":0,"k":{"i":[[0,0],[15.908,14.768],[-1.639,6.588],[-1.308,-1.628],[-8.624,-8.762],[-15.279,0.001],[-1.481,0.308],[-0.43,0],[-0.245,-1.634],[5.427,-1.669],[5.269,0]],"o":[[-10.944,0],[-19.121,-17.752],[0.937,1.007],[3.443,4.282],[17.139,17.416],[2.371,0],[0.489,-0.101],[4.075,0],[0.896,5.963],[-4.586,1.41],[0,0]],"v":[[22.667,35.364],[-20.57,17.496],[-43.835,-35.364],[-40.25,-31.063],[-22.982,-11.548],[31.869,12.072],[37.757,11.601],[39.14,11.449],[44.578,18.413],[37.732,33.21],[22.668,35.364]],"c":true},"ix":2},"nm":"Path 1","mn":"ADBE Vector Shape - Group","hd":false},{"ty":"fl","c":{"a":0,"k":[0.987999949736,0.948999980852,0.902000038297,1],"ix":4},"o":{"a":0,"k":100,"ix":5},"r":1,"bm":0,"nm":"Fill 1","mn":"ADBE Vector Graphic - Fill","hd":false},{"ty":"tr","p":{"a":0,"k":[45.724,189.026],"ix":2},"a":{"a":0,"k":[0,0],"ix":1},"s":{"a":0,"k":[100,100],"ix":3},"r":{"a":0,"k":0,"ix":6},"o":{"a":0,"k":100,"ix":7},"sk":{"a":0,"k":0,"ix":4},"sa":{"a":0,"k":0,"ix":5},"nm":"Transform"}],"nm":"Group 9","np":2,"cix":2,"bm":0,"ix":9,"mn":"ADBE Vector Group","hd":false},{"ty":"gr","it":[{"ind":0,"ty":"sh","ix":1,"ks":{"a":0,"k":{"i":[[0,0],[7.33,2.063],[3.693,22.999],[-1.273,2.688],[-5.254,-10.732],[-13.032,-2.208],[-1.225,-0.443],[-0.183,-11.312],[1.047,-1.065],[4.924,0]],"o":[[-5.132,0],[-23.34,-6.572],[-1.86,-11.584],[1.463,1.121],[14.421,29.461],[2.53,0.429],[8.731,3.154],[0.032,1.974],[-1.795,1.825],[0,0]],"v":[[28.444,39.009],[9.661,35.898],[-38.547,-16.837],[-37.936,-39.009],[-27.768,-23.62],[23.943,12.158],[30.088,13.435],[40.375,31.665],[38.866,36.18],[28.445,39.009]],"c":true},"ix":2},"nm":"Path 1","mn":"ADBE Vector Shape - Group","hd":false},{"ty":"fl","c":{"a":0,"k":[0.987999949736,0.948999980852,0.902000038297,1],"ix":4},"o":{"a":0,"k":100,"ix":5},"r":1,"bm":0,"nm":"Fill 1","mn":"ADBE Vector Graphic - Fill","hd":false},{"ty":"tr","p":{"a":0,"k":[54.39,121.392],"ix":2},"a":{"a":0,"k":[0,0],"ix":1},"s":{"a":0,"k":[100,100],"ix":3},"r":{"a":0,"k":0,"ix":6},"o":{"a":0,"k":100,"ix":7},"sk":{"a":0,"k":0,"ix":4},"sa":{"a":0,"k":0,"ix":5},"nm":"Transform"}],"nm":"Group 10","np":2,"cix":2,"bm":0,"ix":10,"mn":"ADBE Vector Group","hd":false},{"ty":"gr","it":[{"ind":0,"ty":"sh","ix":1,"ks":{"a":0,"k":{"i":[[4.277,0],[1.027,0.376],[4.687,11.408],[-0.268,2.017],[-0.229,-0.247],[-15.737,-8.599],[-0.733,-0.411],[0.685,-2.62]],"o":[[-0.937,0],[-13.67,-4.997],[-1.735,-4.223],[0.19,0.181],[7.171,7.794],[1.278,0.698],[0.591,0.332],[-1.069,4.089]],"v":[[13.126,20.795],[10.164,20.229],[-20.551,-10.998],[-22.211,-20.795],[-21.583,-20.154],[18.38,6.081],[21.432,7.758],[21.794,12.565]],"c":true},"ix":2},"nm":"Path 1","mn":"ADBE Vector Shape - Group","hd":false},{"ty":"fl","c":{"a":0,"k":[0.987999949736,0.948999980852,0.902000038297,1],"ix":4},"o":{"a":0,"k":100,"ix":5},"r":1,"bm":0,"nm":"Fill 1","mn":"ADBE Vector Graphic - Fill","hd":false},{"ty":"tr","p":{"a":0,"k":[70.711,73.095],"ix":2},"a":{"a":0,"k":[0,0],"ix":1},"s":{"a":0,"k":[100,100],"ix":3},"r":{"a":0,"k":0,"ix":6},"o":{"a":0,"k":100,"ix":7},"sk":{"a":0,"k":0,"ix":4},"sa":{"a":0,"k":0,"ix":5},"nm":"Transform"}],"nm":"Group 11","np":2,"cix":2,"bm":0,"ix":11,"mn":"ADBE Vector Group","hd":false},{"ty":"gr","it":[{"ind":0,"ty":"sh","ix":1,"ks":{"a":0,"k":{"i":[[1.831,-3.892],[-2.649,-1.317],[-4.05,4.575],[5.718,2.154]],"o":[[-1.497,3.182],[2.649,1.318],[3.631,-4.104],[-2.95,-1.111]],"v":[[-11.56,-9.41],[-12.313,10.542],[11.147,8.902],[9.244,-12.367]],"c":true},"ix":2},"nm":"Path 1","mn":"ADBE Vector Shape - Group","hd":false},{"ty":"fl","c":{"a":0,"k":[0.987999949736,0.948999980852,0.902000038297,1],"ix":4},"o":{"a":0,"k":100,"ix":5},"r":1,"bm":0,"nm":"Fill 1","mn":"ADBE Vector Graphic - Fill","hd":false},{"ty":"tr","p":{"a":0,"k":[124.964,266.747],"ix":2},"a":{"a":0,"k":[0,0],"ix":1},"s":{"a":0,"k":[100,100],"ix":3},"r":{"a":0,"k":0,"ix":6},"o":{"a":0,"k":100,"ix":7},"sk":{"a":0,"k":0,"ix":4},"sa":{"a":0,"k":0,"ix":5},"nm":"Transform"}],"nm":"Group 12","np":2,"cix":2,"bm":0,"ix":12,"mn":"ADBE Vector Group","hd":false},{"ty":"gr","it":[{"ind":0,"ty":"sh","ix":1,"ks":{"a":0,"k":{"i":[[1.831,-3.892],[-2.649,-1.316],[-4.05,4.575],[5.717,2.155]],"o":[[-1.497,3.183],[2.649,1.319],[3.632,-4.104],[-2.95,-1.111]],"v":[[-11.559,-9.409],[-12.313,10.542],[11.147,8.903],[9.244,-12.367]],"c":true},"ix":2},"nm":"Path 1","mn":"ADBE Vector Shape - Group","hd":false},{"ty":"fl","c":{"a":0,"k":[0.987999949736,0.948999980852,0.902000038297,1],"ix":4},"o":{"a":0,"k":100,"ix":5},"r":1,"bm":0,"nm":"Fill 1","mn":"ADBE Vector Graphic - Fill","hd":false},{"ty":"tr","p":{"a":0,"k":[123.59,234.475],"ix":2},"a":{"a":0,"k":[0,0],"ix":1},"s":{"a":0,"k":[100,100],"ix":3},"r":{"a":0,"k":0,"ix":6},"o":{"a":0,"k":100,"ix":7},"sk":{"a":0,"k":0,"ix":4},"sa":{"a":0,"k":0,"ix":5},"nm":"Transform"}],"nm":"Group 13","np":2,"cix":2,"bm":0,"ix":13,"mn":"ADBE Vector Group","hd":false},{"ty":"gr","it":[{"ind":0,"ty":"sh","ix":1,"ks":{"a":0,"k":{"i":[[1.831,-3.892],[-2.649,-1.317],[-4.05,4.576],[5.717,2.154]],"o":[[-1.497,3.183],[2.649,1.318],[3.632,-4.103],[-2.95,-1.111]],"v":[[-11.559,-9.41],[-12.313,10.542],[11.147,8.902],[9.244,-12.367]],"c":true},"ix":2},"nm":"Path 1","mn":"ADBE Vector Shape - Group","hd":false},{"ty":"fl","c":{"a":0,"k":[0.987999949736,0.948999980852,0.902000038297,1],"ix":4},"o":{"a":0,"k":100,"ix":5},"r":1,"bm":0,"nm":"Fill 1","mn":"ADBE Vector Graphic - Fill","hd":false},{"ty":"tr","p":{"a":0,"k":[122.592,202.145],"ix":2},"a":{"a":0,"k":[0,0],"ix":1},"s":{"a":0,"k":[100,100],"ix":3},"r":{"a":0,"k":0,"ix":6},"o":{"a":0,"k":100,"ix":7},"sk":{"a":0,"k":0,"ix":4},"sa":{"a":0,"k":0,"ix":5},"nm":"Transform"}],"nm":"Group 14","np":2,"cix":2,"bm":0,"ix":14,"mn":"ADBE Vector Group","hd":false},{"ty":"gr","it":[{"ind":0,"ty":"sh","ix":1,"ks":{"a":0,"k":{"i":[[1.831,-3.892],[-2.649,-1.317],[-4.05,4.575],[5.718,2.155]],"o":[[-1.497,3.182],[2.649,1.318],[3.632,-4.104],[-2.95,-1.111]],"v":[[-11.56,-9.409],[-12.313,10.542],[11.146,8.903],[9.244,-12.367]],"c":true},"ix":2},"nm":"Path 1","mn":"ADBE Vector Shape - Group","hd":false},{"ty":"fl","c":{"a":0,"k":[0.987999949736,0.948999980852,0.902000038297,1],"ix":4},"o":{"a":0,"k":100,"ix":5},"r":1,"bm":0,"nm":"Fill 1","mn":"ADBE Vector Graphic - Fill","hd":false},{"ty":"tr","p":{"a":0,"k":[123.075,169.582],"ix":2},"a":{"a":0,"k":[0,0],"ix":1},"s":{"a":0,"k":[100,100],"ix":3},"r":{"a":0,"k":0,"ix":6},"o":{"a":0,"k":100,"ix":7},"sk":{"a":0,"k":0,"ix":4},"sa":{"a":0,"k":0,"ix":5},"nm":"Transform"}],"nm":"Group 15","np":2,"cix":2,"bm":0,"ix":15,"mn":"ADBE Vector Group","hd":false},{"ty":"gr","it":[{"ind":0,"ty":"sh","ix":1,"ks":{"a":0,"k":{"i":[[1.831,-3.892],[-2.649,-1.318],[-4.05,4.576],[5.718,2.155]],"o":[[-1.497,3.182],[2.649,1.317],[3.631,-4.103],[-2.95,-1.111]],"v":[[-11.56,-9.409],[-12.313,10.543],[11.147,8.902],[9.244,-12.367]],"c":true},"ix":2},"nm":"Path 1","mn":"ADBE Vector Shape - Group","hd":false},{"ty":"fl","c":{"a":0,"k":[0.987999949736,0.948999980852,0.902000038297,1],"ix":4},"o":{"a":0,"k":100,"ix":5},"r":1,"bm":0,"nm":"Fill 1","mn":"ADBE Vector Graphic - Fill","hd":false},{"ty":"tr","p":{"a":0,"k":[122.764,137.143],"ix":2},"a":{"a":0,"k":[0,0],"ix":1},"s":{"a":0,"k":[100,100],"ix":3},"r":{"a":0,"k":0,"ix":6},"o":{"a":0,"k":100,"ix":7},"sk":{"a":0,"k":0,"ix":4},"sa":{"a":0,"k":0,"ix":5},"nm":"Transform"}],"nm":"Group 16","np":2,"cix":2,"bm":0,"ix":16,"mn":"ADBE Vector Group","hd":false},{"ty":"gr","it":[{"ind":0,"ty":"sh","ix":1,"ks":{"a":0,"k":{"i":[[1.831,-3.892],[-2.649,-1.318],[-4.05,4.575],[5.718,2.155]],"o":[[-1.497,3.182],[2.649,1.317],[3.631,-4.104],[-2.95,-1.111]],"v":[[-11.56,-9.409],[-12.313,10.543],[11.147,8.903],[9.244,-12.367]],"c":true},"ix":2},"nm":"Path 1","mn":"ADBE Vector Shape - Group","hd":false},{"ty":"fl","c":{"a":0,"k":[0.987999949736,0.948999980852,0.902000038297,1],"ix":4},"o":{"a":0,"k":100,"ix":5},"r":1,"bm":0,"nm":"Fill 1","mn":"ADBE Vector Graphic - Fill","hd":false},{"ty":"tr","p":{"a":0,"k":[120.704,104.98],"ix":2},"a":{"a":0,"k":[0,0],"ix":1},"s":{"a":0,"k":[100,100],"ix":3},"r":{"a":0,"k":0,"ix":6},"o":{"a":0,"k":100,"ix":7},"sk":{"a":0,"k":0,"ix":4},"sa":{"a":0,"k":0,"ix":5},"nm":"Transform"}],"nm":"Group 17","np":2,"cix":2,"bm":0,"ix":17,"mn":"ADBE Vector Group","hd":false},{"ty":"gr","it":[{"ind":0,"ty":"sh","ix":1,"ks":{"a":0,"k":{"i":[[1.831,-3.892],[-2.649,-1.317],[-4.05,4.576],[5.718,2.155]],"o":[[-1.497,3.182],[2.649,1.318],[3.632,-4.103],[-2.95,-1.111]],"v":[[-11.56,-9.409],[-12.313,10.542],[11.146,8.902],[9.244,-12.367]],"c":true},"ix":2},"nm":"Path 1","mn":"ADBE Vector Shape - Group","hd":false},{"ty":"fl","c":{"a":0,"k":[0.987999949736,0.948999980852,0.902000038297,1],"ix":4},"o":{"a":0,"k":100,"ix":5},"r":1,"bm":0,"nm":"Fill 1","mn":"ADBE Vector Graphic - Fill","hd":false},{"ty":"tr","p":{"a":0,"k":[122.25,72.25],"ix":2},"a":{"a":0,"k":[0,0],"ix":1},"s":{"a":0,"k":[100,100],"ix":3},"r":{"a":0,"k":0,"ix":6},"o":{"a":0,"k":100,"ix":7},"sk":{"a":0,"k":0,"ix":4},"sa":{"a":0,"k":0,"ix":5},"nm":"Transform"}],"nm":"Group 18","np":2,"cix":2,"bm":0,"ix":18,"mn":"ADBE Vector Group","hd":false},{"ty":"gr","it":[{"ind":0,"ty":"sh","ix":1,"ks":{"a":0,"k":{"i":[[1.831,-3.892],[-2.649,-1.318],[-4.782,3.804],[5.718,2.154]],"o":[[-1.497,3.182],[2.649,1.317],[4.782,-3.804],[-2.95,-1.112]],"v":[[-12.025,-5.866],[-12.743,8.998],[10.609,7.057],[8.713,-9.75]],"c":true},"ix":2},"nm":"Path 1","mn":"ADBE Vector Shape - Group","hd":false},{"ty":"fl","c":{"a":0,"k":[0.987999949736,0.948999980852,0.902000038297,1],"ix":4},"o":{"a":0,"k":100,"ix":5},"r":1,"bm":0,"nm":"Fill 1","mn":"ADBE Vector Graphic - Fill","hd":false},{"ty":"tr","p":{"a":0,"k":[122.573,11.112],"ix":2},"a":{"a":0,"k":[0,0],"ix":1},"s":{"a":0,"k":[100,100],"ix":3},"r":{"a":0,"k":0,"ix":6},"o":{"a":0,"k":100,"ix":7},"sk":{"a":0,"k":0,"ix":4},"sa":{"a":0,"k":0,"ix":5},"nm":"Transform"}],"nm":"Group 19","np":2,"cix":2,"bm":0,"ix":19,"mn":"ADBE Vector Group","hd":false},{"ty":"gr","it":[{"ind":0,"ty":"sh","ix":1,"ks":{"a":0,"k":{"i":[[1.831,-3.892],[-2.649,-1.318],[-4.782,3.804],[5.718,2.154]],"o":[[-1.497,3.183],[2.649,1.317],[4.782,-3.804],[-2.95,-1.112]],"v":[[-12.025,-5.866],[-12.743,8.998],[10.609,7.057],[8.713,-9.75]],"c":true},"ix":2},"nm":"Path 1","mn":"ADBE Vector Shape - Group","hd":false},{"ty":"fl","c":{"a":0,"k":[0.987999949736,0.948999980852,0.902000038297,1],"ix":4},"o":{"a":0,"k":100,"ix":5},"r":1,"bm":0,"nm":"Fill 1","mn":"ADBE Vector Graphic - Fill","hd":false},{"ty":"tr","p":{"a":0,"k":[122.573,41.963],"ix":2},"a":{"a":0,"k":[0,0],"ix":1},"s":{"a":0,"k":[100,100],"ix":3},"r":{"a":0,"k":0,"ix":6},"o":{"a":0,"k":100,"ix":7},"sk":{"a":0,"k":0,"ix":4},"sa":{"a":0,"k":0,"ix":5},"nm":"Transform"}],"nm":"Group 20","np":2,"cix":2,"bm":0,"ix":20,"mn":"ADBE Vector Group","hd":false}],"ip":0,"op":375,"st":0,"bm":0},{"ddd":0,"ind":26,"ty":4,"nm":"Thigh_L","parent":25,"sr":1,"ks":{"o":{"a":0,"k":100,"ix":11},"r":{"a":1,"k":[{"i":{"x":[0.667],"y":[1]},"o":{"x":[0.333],"y":[0]},"t":38,"s":[0]},{"i":{"x":[0.833],"y":[0.833]},"o":{"x":[0.167],"y":[0.167]},"t":51,"s":[-44]},{"i":{"x":[0.667],"y":[1]},"o":{"x":[0.333],"y":[0]},"t":60.777,"s":[-44]},{"t":68.77734375,"s":[0]}],"ix":10},"p":{"a":0,"k":[35.231,395.446,0],"ix":2},"a":{"a":0,"k":[127.556,26.285,0],"ix":1},"s":{"a":0,"k":[100,100,100],"ix":6}},"ao":0,"shapes":[{"ty":"gr","it":[{"ind":0,"ty":"sh","ix":1,"ks":{"a":0,"k":{"i":[[0,0],[0,0],[8.913,-4.243],[0,0],[-8.197,-3.323],[0,0],[0,0],[-6.067,10.327],[0,0],[8.707,5.32]],"o":[[0,0],[0,0],[-8.912,4.244],[0,0],[8.196,3.324],[0,0],[0,0],[6.067,-10.328],[0,0],[-8.706,-5.319]],"v":[[28.439,-16.461],[-34.438,6.874],[-54.758,2.173],[-44.532,20.074],[-42.461,38.165],[-25.008,27.793],[35.693,2.855],[57.602,10.341],[45.534,-10.786],[49.93,-36.17]],"c":true},"ix":2},"nm":"Path 1","mn":"ADBE Vector Shape - Group","hd":false},{"ty":"fl","c":{"a":0,"k":[0.987999949736,0.948999980852,0.902000038297,1],"ix":4},"o":{"a":0,"k":100,"ix":5},"r":1,"bm":0,"nm":"Fill 1","mn":"ADBE Vector Graphic - Fill","hd":false},{"ty":"tr","p":{"a":0,"k":[63.919,41.74],"ix":2},"a":{"a":0,"k":[0,0],"ix":1},"s":{"a":0,"k":[100,100],"ix":3},"r":{"a":0,"k":0,"ix":6},"o":{"a":0,"k":100,"ix":7},"sk":{"a":0,"k":0,"ix":4},"sa":{"a":0,"k":0,"ix":5},"nm":"Transform"}],"nm":"Group 1","np":2,"cix":2,"bm":0,"ix":1,"mn":"ADBE Vector Group","hd":false}],"ip":0,"op":375,"st":0,"bm":0},{"ddd":0,"ind":27,"ty":4,"nm":"Knee_L","parent":26,"sr":1,"ks":{"o":{"a":0,"k":100,"ix":11},"r":{"a":0,"k":0,"ix":10},"p":{"a":0,"k":[-7.573,91.959,0],"ix":2},"a":{"a":0,"k":[35.299,56.535,0],"ix":1},"s":{"a":0,"k":[100,100,100],"ix":6}},"ao":0,"shapes":[{"ty":"gr","it":[{"ind":0,"ty":"sh","ix":1,"ks":{"a":0,"k":{"i":[[-26.92,-43.326],[20.041,18.843]],"o":[[8.253,13.284],[-20.042,-18.843]],"v":[[24.069,-4.777],[-12.28,29.26]],"c":true},"ix":2},"nm":"Path 1","mn":"ADBE Vector Shape - Group","hd":false},{"ty":"fl","c":{"a":0,"k":[0.987999949736,0.948999980852,0.902000038297,1],"ix":4},"o":{"a":0,"k":100,"ix":5},"r":1,"bm":0,"nm":"Fill 1","mn":"ADBE Vector Graphic - Fill","hd":false},{"ty":"tr","p":{"a":0,"k":[32.572,48.353],"ix":2},"a":{"a":0,"k":[0,0],"ix":1},"s":{"a":0,"k":[100,100],"ix":3},"r":{"a":0,"k":0,"ix":6},"o":{"a":0,"k":100,"ix":7},"sk":{"a":0,"k":0,"ix":4},"sa":{"a":0,"k":0,"ix":5},"nm":"Transform"}],"nm":"Group 1","np":2,"cix":2,"bm":0,"ix":1,"mn":"ADBE Vector Group","hd":false}],"ip":0,"op":375,"st":0,"bm":0},{"ddd":0,"ind":28,"ty":4,"nm":"Leg_L","parent":27,"sr":1,"ks":{"o":{"a":0,"k":100,"ix":11},"r":{"a":1,"k":[{"i":{"x":[0.667],"y":[1]},"o":{"x":[0.333],"y":[0]},"t":46,"s":[0]},{"i":{"x":[0.667],"y":[1]},"o":{"x":[0.333],"y":[0]},"t":51,"s":[138]},{"i":{"x":[0.833],"y":[0.833]},"o":{"x":[0.333],"y":[0]},"t":56,"s":[75]},{"i":{"x":[0.667],"y":[1]},"o":{"x":[0.333],"y":[0]},"t":61,"s":[166]},{"t":68.77734375,"s":[0]}],"ix":10},"p":{"a":0,"k":[36.155,59.942,0],"ix":2},"a":{"a":0,"k":[-14.231,27.979,0],"ix":1},"s":{"a":0,"k":[100,100,100],"ix":6}},"ao":0,"shapes":[{"ty":"gr","it":[{"ind":0,"ty":"sh","ix":1,"ks":{"a":0,"k":{"i":[[0,0],[-8.674,-5.927],[0,0],[0,0],[-5.062,5.595],[0,0],[6.464,5.706],[0,0],[0,0],[6.09,-6.494]],"o":[[0,0],[8.674,5.926],[0,0],[0,0],[5.061,-5.596],[0,0],[-6.463,-5.707],[0,0],[0,0],[-6.091,6.492]],"v":[[-77.281,5.471],[-85.027,26.348],[-64.707,12.2],[67.339,0.413],[81.24,10.196],[75.795,-11.059],[87.237,-26.568],[66.329,-20.215],[-66.067,-5.796],[-83.348,-11.925]],"c":true},"ix":2},"nm":"Path 1","mn":"ADBE Vector Shape - Group","hd":false},{"ty":"fl","c":{"a":0,"k":[0.987999949736,0.948999980852,0.902000038297,1],"ix":4},"o":{"a":0,"k":100,"ix":5},"r":1,"bm":0,"nm":"Fill 1","mn":"ADBE Vector Graphic - Fill","hd":false},{"ty":"tr","p":{"a":0,"k":[93.951,32.525],"ix":2},"a":{"a":0,"k":[0,0],"ix":1},"s":{"a":0,"k":[100,100],"ix":3},"r":{"a":0,"k":0,"ix":6},"o":{"a":0,"k":100,"ix":7},"sk":{"a":0,"k":0,"ix":4},"sa":{"a":0,"k":0,"ix":5},"nm":"Transform"}],"nm":"Group 1","np":2,"cix":2,"bm":0,"ix":1,"mn":"ADBE Vector Group","hd":false}],"ip":0,"op":375,"st":0,"bm":0},{"ddd":0,"ind":29,"ty":4,"nm":"Base_L","parent":28,"sr":1,"ks":{"o":{"a":0,"k":100,"ix":11},"r":{"a":0,"k":0,"ix":10},"p":{"a":0,"k":[195.055,21.403,0],"ix":2},"a":{"a":0,"k":[14.142,9.453,0],"ix":1},"s":{"a":0,"k":[100,100,100],"ix":6}},"ao":0,"shapes":[{"ty":"gr","it":[{"ind":0,"ty":"sh","ix":1,"ks":{"a":0,"k":{"i":[[2.717,-6.414],[-7.431,-2.251],[-2.519,15.429],[6.965,1.235]],"o":[[-3.322,7.843],[7.431,2.251],[2.519,-15.429],[-6.964,-1.234]],"v":[[-9.068,-33.594],[-5.552,40.588],[10.464,25.612],[5.712,-41.605]],"c":true},"ix":2},"nm":"Path 1","mn":"ADBE Vector Shape - Group","hd":false},{"ty":"fl","c":{"a":0,"k":[0.987999949736,0.948999980852,0.902000038297,1],"ix":4},"o":{"a":0,"k":100,"ix":5},"r":1,"bm":0,"nm":"Fill 1","mn":"ADBE Vector Graphic - Fill","hd":false},{"ty":"tr","p":{"a":0,"k":[13.232,43.089],"ix":2},"a":{"a":0,"k":[0,0],"ix":1},"s":{"a":0,"k":[100,100],"ix":3},"r":{"a":0,"k":0,"ix":6},"o":{"a":0,"k":100,"ix":7},"sk":{"a":0,"k":0,"ix":4},"sa":{"a":0,"k":0,"ix":5},"nm":"Transform"}],"nm":"Group 1","np":2,"cix":2,"bm":0,"ix":1,"mn":"ADBE Vector Group","hd":false}],"ip":0,"op":375,"st":0,"bm":0},{"ddd":0,"ind":30,"ty":4,"nm":"Thigh_R","parent":25,"sr":1,"ks":{"o":{"a":0,"k":100,"ix":11},"r":{"a":1,"k":[{"i":{"x":[0.667],"y":[1]},"o":{"x":[0.333],"y":[0]},"t":55,"s":[0]},{"i":{"x":[0.833],"y":[0.833]},"o":{"x":[0.167],"y":[0.167]},"t":68,"s":[24]},{"i":{"x":[0.667],"y":[1]},"o":{"x":[0.333],"y":[0]},"t":77.777,"s":[24]},{"t":85.77734375,"s":[0]}],"ix":10},"p":{"a":0,"k":[215.976,397.265,0],"ix":2},"a":{"a":0,"k":[1.192,28.103,0],"ix":1},"s":{"a":0,"k":[100,100,100],"ix":6}},"ao":0,"shapes":[{"ty":"gr","it":[{"ind":0,"ty":"sh","ix":1,"ks":{"a":0,"k":{"i":[[0,0],[0,0],[-8.913,-4.243],[0,0],[8.197,-3.323],[0,0],[0,0],[6.067,10.327],[0,0],[-8.707,5.32]],"o":[[0,0],[0,0],[8.912,4.244],[0,0],[-8.197,3.324],[0,0],[0,0],[-6.067,-10.328],[0,0],[8.707,-5.319]],"v":[[-28.439,-16.461],[34.437,6.874],[54.757,2.173],[44.532,20.074],[42.461,38.165],[25.008,27.793],[-35.693,2.855],[-57.602,10.341],[-45.535,-10.786],[-49.93,-36.17]],"c":true},"ix":2},"nm":"Path 1","mn":"ADBE Vector Shape - Group","hd":false},{"ty":"fl","c":{"a":0,"k":[0.987999949736,0.948999980852,0.902000038297,1],"ix":4},"o":{"a":0,"k":100,"ix":5},"r":1,"bm":0,"nm":"Fill 1","mn":"ADBE Vector Graphic - Fill","hd":false},{"ty":"tr","p":{"a":0,"k":[63.919,41.74],"ix":2},"a":{"a":0,"k":[0,0],"ix":1},"s":{"a":0,"k":[100,100],"ix":3},"r":{"a":0,"k":0,"ix":6},"o":{"a":0,"k":100,"ix":7},"sk":{"a":0,"k":0,"ix":4},"sa":{"a":0,"k":0,"ix":5},"nm":"Transform"}],"nm":"Group 1","np":2,"cix":2,"bm":0,"ix":1,"mn":"ADBE Vector Group","hd":false}],"ip":0,"op":375,"st":0,"bm":0},{"ddd":0,"ind":31,"ty":4,"nm":"Knee_R","parent":30,"sr":1,"ks":{"o":{"a":0,"k":100,"ix":11},"r":{"a":0,"k":0,"ix":10},"p":{"a":0,"k":[136.32,91.049,0],"ix":2},"a":{"a":0,"k":[30.754,55.626,0],"ix":1},"s":{"a":0,"k":[100,100,100],"ix":6}},"ao":0,"shapes":[{"ty":"gr","it":[{"ind":0,"ty":"sh","ix":1,"ks":{"a":0,"k":{"i":[[26.92,-43.326],[-20.042,18.843]],"o":[[-8.254,13.284],[20.041,-18.843]],"v":[[-24.068,-4.777],[12.281,29.26]],"c":true},"ix":2},"nm":"Path 1","mn":"ADBE Vector Shape - Group","hd":false},{"ty":"fl","c":{"a":0,"k":[0.987999949736,0.948999980852,0.902000038297,1],"ix":4},"o":{"a":0,"k":100,"ix":5},"r":1,"bm":0,"nm":"Fill 1","mn":"ADBE Vector Graphic - Fill","hd":false},{"ty":"tr","p":{"a":0,"k":[32.573,48.353],"ix":2},"a":{"a":0,"k":[0,0],"ix":1},"s":{"a":0,"k":[100,100],"ix":3},"r":{"a":0,"k":0,"ix":6},"o":{"a":0,"k":100,"ix":7},"sk":{"a":0,"k":0,"ix":4},"sa":{"a":0,"k":0,"ix":5},"nm":"Transform"}],"nm":"Group 1","np":2,"cix":2,"bm":0,"ix":1,"mn":"ADBE Vector Group","hd":false}],"ip":0,"op":375,"st":0,"bm":0},{"ddd":0,"ind":32,"ty":4,"nm":"Leg_R","parent":31,"sr":1,"ks":{"o":{"a":0,"k":100,"ix":11},"r":{"a":1,"k":[{"i":{"x":[0.667],"y":[1]},"o":{"x":[0.333],"y":[0]},"t":63,"s":[0]},{"i":{"x":[0.667],"y":[1]},"o":{"x":[0.333],"y":[0]},"t":68,"s":[-131]},{"i":{"x":[0.833],"y":[0.833]},"o":{"x":[0.333],"y":[0]},"t":73,"s":[-78]},{"i":{"x":[0.667],"y":[1]},"o":{"x":[0.333],"y":[0]},"t":77.777,"s":[-157]},{"t":85.77734375,"s":[0]}],"ix":10},"p":{"a":0,"k":[23.736,63.38,0],"ix":2},"a":{"a":0,"k":[197.437,33.084,0],"ix":1},"s":{"a":0,"k":[100,100,100],"ix":6}},"ao":0,"shapes":[{"ty":"gr","it":[{"ind":0,"ty":"sh","ix":1,"ks":{"a":0,"k":{"i":[[0,0],[8.715,-5.865],[0,0],[0,0],[5.022,5.631],[0,0],[-6.504,5.661],[0,0],[0,0],[-6.044,-6.536]],"o":[[0,0],[-8.716,5.863],[0,0],[0,0],[-5.021,-5.632],[0,0],[6.505,-5.66],[0,0],[0,0],[6.045,6.537]],"v":[[77.239,6.039],[84.836,26.971],[64.617,12.678],[-67.341,-0.051],[-81.312,9.633],[-75.716,-11.583],[-87.047,-27.174],[-66.184,-20.672],[66.105,-5.308],[83.429,-11.314]],"c":true},"ix":2},"nm":"Path 1","mn":"ADBE Vector Shape - Group","hd":false},{"ty":"fl","c":{"a":0,"k":[0.987999949736,0.948999980852,0.902000038297,1],"ix":4},"o":{"a":0,"k":100,"ix":5},"r":1,"bm":0,"nm":"Fill 1","mn":"ADBE Vector Graphic - Fill","hd":false},{"ty":"tr","p":{"a":0,"k":[93.801,33.084],"ix":2},"a":{"a":0,"k":[0,0],"ix":1},"s":{"a":0,"k":[100,100],"ix":3},"r":{"a":0,"k":0,"ix":6},"o":{"a":0,"k":100,"ix":7},"sk":{"a":0,"k":0,"ix":4},"sa":{"a":0,"k":0,"ix":5},"nm":"Transform"}],"nm":"Group 1","np":2,"cix":2,"bm":0,"ix":1,"mn":"ADBE Vector Group","hd":false}],"ip":0,"op":375,"st":0,"bm":0},{"ddd":0,"ind":33,"ty":4,"nm":"Base_R","parent":32,"sr":1,"ks":{"o":{"a":0,"k":100,"ix":11},"r":{"a":0,"k":0,"ix":10},"p":{"a":0,"k":[-6.21,19.433,0],"ix":2},"a":{"a":0,"k":[15.056,5.817,0],"ix":1},"s":{"a":0,"k":[100,100,100],"ix":6}},"ao":0,"shapes":[{"ty":"gr","it":[{"ind":0,"ty":"sh","ix":1,"ks":{"a":0,"k":{"i":[[-2.72,-6.413],[7.43,-2.254],[2.525,15.428],[-6.964,1.236]],"o":[[3.325,7.842],[-7.431,2.253],[-2.524,-15.428],[6.964,-1.237]],"v":[[9.049,-33.597],[5.557,40.587],[-10.464,25.615],[-5.736,-41.602]],"c":true},"ix":2},"nm":"Path 1","mn":"ADBE Vector Shape - Group","hd":false},{"ty":"fl","c":{"a":0,"k":[0.987999949736,0.948999980852,0.902000038297,1],"ix":4},"o":{"a":0,"k":100,"ix":5},"r":1,"bm":0,"nm":"Fill 1","mn":"ADBE Vector Graphic - Fill","hd":false},{"ty":"tr","p":{"a":0,"k":[13.237,43.09],"ix":2},"a":{"a":0,"k":[0,0],"ix":1},"s":{"a":0,"k":[100,100],"ix":3},"r":{"a":0,"k":0,"ix":6},"o":{"a":0,"k":100,"ix":7},"sk":{"a":0,"k":0,"ix":4},"sa":{"a":0,"k":0,"ix":5},"nm":"Transform"}],"nm":"Group 1","np":2,"cix":2,"bm":0,"ix":1,"mn":"ADBE Vector Group","hd":false}],"ip":0,"op":375,"st":0,"bm":0},{"ddd":0,"ind":34,"ty":4,"nm":"POWER 1","sr":1,"ks":{"o":{"a":1,"k":[{"i":{"x":[0.667],"y":[1]},"o":{"x":[0.167],"y":[0.167]},"t":121,"s":[100]},{"t":137,"s":[0]}],"ix":11},"r":{"a":0,"k":0,"ix":10},"p":{"a":0,"k":[400,378,0],"ix":2},"a":{"a":0,"k":[-30,-52,0],"ix":1},"s":{"a":1,"k":[{"i":{"x":[0.667,0.667,0.667],"y":[1,1,1]},"o":{"x":[0.167,0.167,0.167],"y":[0.167,0.167,17.544]},"t":108,"s":[0,0,100]},{"t":137,"s":[100,100,100]}],"ix":6}},"ao":0,"shapes":[{"ty":"gr","it":[{"d":1,"ty":"el","s":{"a":0,"k":[650,650],"ix":2},"p":{"a":0,"k":[0,0],"ix":3},"nm":"Ellipse Path 1","mn":"ADBE Vector Shape - Ellipse","hd":false},{"ty":"fl","c":{"a":0,"k":[0.18777218987,0.001910044282,0.270588235294,1],"ix":4},"o":{"a":0,"k":100,"ix":5},"r":1,"bm":0,"nm":"Fill 1","mn":"ADBE Vector Graphic - Fill","hd":false},{"ty":"tr","p":{"a":0,"k":[-30,-52],"ix":2},"a":{"a":0,"k":[0,0],"ix":1},"s":{"a":0,"k":[100,100],"ix":3},"r":{"a":0,"k":0,"ix":6},"o":{"a":0,"k":100,"ix":7},"sk":{"a":0,"k":0,"ix":4},"sa":{"a":0,"k":0,"ix":5},"nm":"Transform"}],"nm":"Ellipse 1","np":2,"cix":2,"bm":0,"ix":1,"mn":"ADBE Vector Group","hd":false}],"ip":108,"op":125,"st":108,"bm":0},{"ddd":0,"ind":35,"ty":4,"nm":"POWER 3","sr":1,"ks":{"o":{"a":1,"k":[{"i":{"x":[0.667],"y":[1]},"o":{"x":[0.167],"y":[0.167]},"t":106,"s":[100]},{"t":122,"s":[0]}],"ix":11},"r":{"a":0,"k":0,"ix":10},"p":{"a":0,"k":[400,378,0],"ix":2},"a":{"a":0,"k":[-30,-52,0],"ix":1},"s":{"a":1,"k":[{"i":{"x":[0.667,0.667,0.667],"y":[1,1,1]},"o":{"x":[0.167,0.167,0.167],"y":[0.167,0.167,17.544]},"t":93,"s":[0,0,100]},{"t":122,"s":[100,100,100]}],"ix":6}},"ao":0,"shapes":[{"ty":"gr","it":[{"d":1,"ty":"el","s":{"a":0,"k":[650,650],"ix":2},"p":{"a":0,"k":[0,0],"ix":3},"nm":"Ellipse Path 1","mn":"ADBE Vector Shape - Ellipse","hd":false},{"ty":"fl","c":{"a":0,"k":[0.18777218987,0.001910044282,0.270588235294,1],"ix":4},"o":{"a":0,"k":100,"ix":5},"r":1,"bm":0,"nm":"Fill 1","mn":"ADBE Vector Graphic - Fill","hd":false},{"ty":"tr","p":{"a":0,"k":[-30,-52],"ix":2},"a":{"a":0,"k":[0,0],"ix":1},"s":{"a":0,"k":[100,100],"ix":3},"r":{"a":0,"k":0,"ix":6},"o":{"a":0,"k":100,"ix":7},"sk":{"a":0,"k":0,"ix":4},"sa":{"a":0,"k":0,"ix":5},"nm":"Transform"}],"nm":"Ellipse 1","np":2,"cix":2,"bm":0,"ix":1,"mn":"ADBE Vector Group","hd":false}],"ip":93,"op":123,"st":93,"bm":0},{"ddd":0,"ind":36,"ty":4,"nm":"POWER 1","sr":1,"ks":{"o":{"a":1,"k":[{"i":{"x":[0.667],"y":[1]},"o":{"x":[0.167],"y":[0.167]},"t":-3,"s":[100]},{"t":13,"s":[0]}],"ix":11},"r":{"a":0,"k":0,"ix":10},"p":{"a":0,"k":[400,378,0],"ix":2},"a":{"a":0,"k":[-30,-52,0],"ix":1},"s":{"a":1,"k":[{"i":{"x":[0.667,0.667,0.667],"y":[1,1,1]},"o":{"x":[0.167,0.167,0.167],"y":[0.167,0.167,17.544]},"t":-16,"s":[0,0,100]},{"t":13,"s":[100,100,100]}],"ix":6}},"ao":0,"shapes":[{"ty":"gr","it":[{"d":1,"ty":"el","s":{"a":0,"k":[650,650],"ix":2},"p":{"a":0,"k":[0,0],"ix":3},"nm":"Ellipse Path 1","mn":"ADBE Vector Shape - Ellipse","hd":false},{"ty":"fl","c":{"a":0,"k":[0.18777218987,0.001910044282,0.270588235294,1],"ix":4},"o":{"a":0,"k":100,"ix":5},"r":1,"bm":0,"nm":"Fill 1","mn":"ADBE Vector Graphic - Fill","hd":false},{"ty":"tr","p":{"a":0,"k":[-30,-52],"ix":2},"a":{"a":0,"k":[0,0],"ix":1},"s":{"a":0,"k":[100,100],"ix":3},"r":{"a":0,"k":0,"ix":6},"o":{"a":0,"k":100,"ix":7},"sk":{"a":0,"k":0,"ix":4},"sa":{"a":0,"k":0,"ix":5},"nm":"Transform"}],"nm":"Ellipse 1","np":2,"cix":2,"bm":0,"ix":1,"mn":"ADBE Vector Group","hd":false}],"ip":0,"op":14,"st":-16,"bm":0},{"ddd":0,"ind":37,"ty":4,"nm":"POWER 2","sr":1,"ks":{"o":{"a":1,"k":[{"i":{"x":[0.667],"y":[1]},"o":{"x":[0.167],"y":[0.167]},"t":13,"s":[100]},{"t":29,"s":[0]}],"ix":11},"r":{"a":0,"k":0,"ix":10},"p":{"a":0,"k":[400,378,0],"ix":2},"a":{"a":0,"k":[-30,-52,0],"ix":1},"s":{"a":1,"k":[{"i":{"x":[0.667,0.667,0.667],"y":[1,1,1]},"o":{"x":[0.167,0.167,0.167],"y":[0.167,0.167,17.544]},"t":0,"s":[0,0,100]},{"t":29,"s":[100,100,100]}],"ix":6}},"ao":0,"shapes":[{"ty":"gr","it":[{"d":1,"ty":"el","s":{"a":0,"k":[650,650],"ix":2},"p":{"a":0,"k":[0,0],"ix":3},"nm":"Ellipse Path 1","mn":"ADBE Vector Shape - Ellipse","hd":false},{"ty":"fl","c":{"a":0,"k":[0.18777218987,0.001910044282,0.270588235294,1],"ix":4},"o":{"a":0,"k":100,"ix":5},"r":1,"bm":0,"nm":"Fill 1","mn":"ADBE Vector Graphic - Fill","hd":false},{"ty":"tr","p":{"a":0,"k":[-30,-52],"ix":2},"a":{"a":0,"k":[0,0],"ix":1},"s":{"a":0,"k":[100,100],"ix":3},"r":{"a":0,"k":0,"ix":6},"o":{"a":0,"k":100,"ix":7},"sk":{"a":0,"k":0,"ix":4},"sa":{"a":0,"k":0,"ix":5},"nm":"Transform"}],"nm":"Ellipse 1","np":2,"cix":2,"bm":0,"ix":1,"mn":"ADBE Vector Group","hd":false}],"ip":0,"op":30,"st":0,"bm":0},{"ddd":0,"ind":38,"ty":4,"nm":"Shadow","sr":1,"ks":{"o":{"a":1,"k":[{"i":{"x":[0.667],"y":[1]},"o":{"x":[0.333],"y":[0]},"t":0,"s":[80]},{"i":{"x":[0.667],"y":[1]},"o":{"x":[0.333],"y":[0]},"t":20.667,"s":[30]},{"i":{"x":[0.667],"y":[1]},"o":{"x":[0.333],"y":[0]},"t":41.333,"s":[80]},{"i":{"x":[0.667],"y":[1]},"o":{"x":[0.333],"y":[0]},"t":62,"s":[30]},{"i":{"x":[0.667],"y":[1]},"o":{"x":[0.333],"y":[0]},"t":82.667,"s":[80]},{"i":{"x":[0.667],"y":[1]},"o":{"x":[0.333],"y":[0]},"t":103.333,"s":[30]},{"t":124,"s":[80]}],"ix":11},"r":{"a":0,"k":0,"ix":10},"p":{"a":0,"k":[399.75,732.911,0],"ix":2},"a":{"a":0,"k":[229.23,55.476,0],"ix":1},"s":{"a":0,"k":[55,55,100],"ix":6}},"ao":0,"shapes":[{"ty":"gr","it":[{"ind":0,"ty":"sh","ix":1,"ks":{"a":0,"k":{"i":[[0,-30.5],[126.461,0],[0,30.5],[-126.463,0]],"o":[[0,30.5],[-126.463,0],[0,-30.5],[126.461,0]],"v":[[228.98,0],[0,55.225],[-228.98,0],[0,-55.225]],"c":true},"ix":2},"nm":"Path 1","mn":"ADBE Vector Shape - Group","hd":false},{"ty":"fl","c":{"a":0,"k":[0.738039203719,0.281322853238,0,1],"ix":4},"o":{"a":0,"k":100,"ix":5},"r":1,"bm":0,"nm":"Fill 1","mn":"ADBE Vector Graphic - Fill","hd":false},{"ty":"tr","p":{"a":0,"k":[229.23,55.476],"ix":2},"a":{"a":0,"k":[0,0],"ix":1},"s":{"a":0,"k":[100,100],"ix":3},"r":{"a":0,"k":0,"ix":6},"o":{"a":0,"k":100,"ix":7},"sk":{"a":0,"k":0,"ix":4},"sa":{"a":0,"k":0,"ix":5},"nm":"Transform"}],"nm":"Group 1","np":2,"cix":2,"bm":0,"ix":1,"mn":"ADBE Vector Group","hd":false}],"ip":0,"op":375,"st":0,"bm":0},{"ddd":0,"ind":39,"ty":4,"nm":"Bg","sr":1,"ks":{"o":{"a":0,"k":100,"ix":11},"r":{"a":0,"k":0,"ix":10},"p":{"a":0,"k":[399.75,399.75,0],"ix":2},"a":{"a":0,"k":[750.25,750.25,0],"ix":1},"s":{"a":0,"k":[55,55,100],"ix":6}},"ao":0,"shapes":[{"ty":"gr","it":[{"ind":0,"ty":"sh","ix":1,"ks":{"a":0,"k":{"i":[[0,0],[0,0],[0,0],[0,0]],"o":[[0,0],[0,0],[0,0],[0,0]],"v":[[-750,750],[750,750],[750,-750],[-750,-750]],"c":true},"ix":2},"nm":"Path 1","mn":"ADBE Vector Shape - Group","hd":false},{"ty":"fl","c":{"a":0,"k":[0.920000023935,0.437270220588,0,1],"ix":4},"o":{"a":0,"k":100,"ix":5},"r":1,"bm":0,"nm":"Fill 1","mn":"ADBE Vector Graphic - Fill","hd":false},{"ty":"tr","p":{"a":0,"k":[750.25,750.25],"ix":2},"a":{"a":0,"k":[0,0],"ix":1},"s":{"a":0,"k":[100,100],"ix":3},"r":{"a":0,"k":0,"ix":6},"o":{"a":0,"k":100,"ix":7},"sk":{"a":0,"k":0,"ix":4},"sa":{"a":0,"k":0,"ix":5},"nm":"Transform"}],"nm":"Group 1","np":2,"cix":2,"bm":0,"ix":1,"mn":"ADBE Vector Group","hd":false}],"ip":0,"op":375,"st":0,"bm":0}],"markers":[]}